id,Cluster_Cluster__autocolour
36812_2#252_fa,360
36773_2#243_fa,255
46321_1#368_fa,277
36812_1#209_fa,483
36984_2#66_fa,261
36984_2#354_fa,315
48373_1#225_fa,258
36984_2#176_fa,261
37017_2#245_fa,354
48373_1#185_fa,326
36985_1#163_fa,270
38087_1#183_fa,454
36985_1#197_fa,252
36774_1#207_fa,252
46358_2#107_fa,477
48373_1#318_fa,279
36812_1#148_fa,265
46358_2#49_fa,407
36982_2#380_fa,283
37017_2#273_fa,377
36985_2#257_fa,310
37822_1#51_fa,293
36984_2#219_fa,314
36985_1#129_fa,263
36774_2#327_fa,291
36985_1#148_fa,284
37017_2#205_fa,443
36812_2#379_fa,259
36812_1#180_fa,342
37017_2#181_fa,252
38087_1#56_fa,478
36985_1#74_fa,354
36774_2#219_fa,330
37017_2#287_fa,267
46358_2#18_fa,279
48373_1#334_fa,257
36983_1#121_fa,520
36774_2#124_fa,349
36773_2#186_fa,354
36773_2#251_fa,330
36983_1#146_fa,290
36774_2#298_fa,348
36985_2#230_fa,310
36773_2#42_fa,277
46358_2#210_fa,422
36985_1#157_fa,265
36984_2#255_fa,309
36983_1#98_fa,253
36984_2#226_fa,317
36985_2#199_fa,295
36774_2#92_fa,267
46321_2#312_fa,272
36774_2#82_fa,310
37017_1#318_fa,282
37017_2#25_fa,253
37311_1#259_fa,327
36774_1#140_fa,323
36812_1#238_fa,273
36774_1#93_fa,259
36774_1#89_fa,430
46358_2#51_fa,267
36983_2#93_fa,278
36984_2#48_fa,332
36985_1#322_fa,369
36773_2#89_fa,369
48373_1#333_fa,337
36985_1#361_fa,352
48373_1#214_fa,271
36774_2#109_fa,260
36812_1#322_fa,252
36983_2#53_fa,289
36984_2#38_fa,279
37311_1#7_fa,290
36984_2#287_fa,302
46321_2#172_fa,282
36774_1#166_fa,334
46321_2#105_fa,262
36985_1#23_fa,267
36773_2#97_fa,335
37311_1#271_fa,327
36984_2#24_fa,289
48373_1#341_fa,565
38087_1#18_fa,267
38087_1#60_fa,273
46321_2#240_fa,336
36982_2#210_fa,403
36985_2#166_fa,400
36985_1#193_fa,304
36983_2#332_fa,253
36984_2#79_fa,292
38087_1#278_fa,259
36773_2#299_fa,528
46321_2#222_fa,507
36774_1#41_fa,430
36984_2#32_fa,304
46358_2#363_fa,337
37017_1#307_fa,308
36985_1#125_fa,341
36773_2#159_fa,455
36985_1#100_fa,450
36773_2#63_fa,527
36984_2#22_fa,314
46321_2#380_fa,274
36983_2#187_fa,311
48373_1#188_fa,364
36773_2#343_fa,298
36774_2#233_fa,255
36773_2#362_fa,353
46472_2#30_fa,268
36985_1#335_fa,280
36812_1#8_fa,257
36985_2#71_fa,296
38087_1#190_fa,452
36983_1#296_fa,289
36774_2#362_fa,308
37017_2#119_fa,261
36983_2#279_fa,255
36985_1#119_fa,267
48373_1#315_fa,253
48373_1#289_fa,367
46358_2#145_fa,378
36812_1#382_fa,252
36984_2#7_fa,392
37017_2#206_fa,339
37017_1#82_fa,252
48373_1#128_fa,372
36982_2#154_fa,329
36984_2#245_fa,312
36773_2#149_fa,260
36773_2#133_fa,316
36812_1#218_fa,265
36984_2#162_fa,354
36983_1#275_fa,253
36812_2#84_fa,313
48373_1#183_fa,380
36985_1#310_fa,270
36774_2#302_fa,381
37017_2#241_fa,349
38087_1#339_fa,268
36812_1#47_fa,296
36983_2#355_fa,554
36812_2#192_fa,449
36983_1#160_fa,339
36774_2#4_fa,310
48373_1#106_fa,262
48373_1#253_fa,262
46321_2#223_fa,259
36985_1#227_fa,270
36773_2#51_fa,270
37017_2#53_fa,312
36774_1#328_fa,286
36985_1#56_fa,449
36812_1#319_fa,272
36812_1#240_fa,269
36812_2#245_fa,252
36983_2#346_fa,316
36983_1#270_fa,253
46321_1#158_fa,298
36982_2#150_fa,308
38087_1#216_fa,316
37017_2#293_fa,277
46321_1#244_fa,272
36773_2#277_fa,260
37017_2#93_fa,266
46358_2#64_fa,259
37017_2#253_fa,252
48373_1#306_fa,253
36985_2#30_fa,258
48373_1#85_fa,253
36985_1#134_fa,283
36812_2#96_fa,317
36773_2#304_fa,346
36983_2#1_fa,255
36983_2#336_fa,339
48373_1#72_fa,272
46358_2#57_fa,394
36773_2#370_fa,263
36985_1#237_fa,314
37017_2#123_fa,275
36774_1#14_fa,267
36984_2#136_fa,331
36774_1#221_fa,258
36983_1#358_fa,260
36985_1#168_fa,270
36774_2#303_fa,296
46358_2#375_fa,272
36985_2#163_fa,276
36985_1#9_fa,315
36983_2#167_fa,307
48373_1#256_fa,274
38087_1#283_fa,327
46358_2#115_fa,271
36773_2#289_fa,283
36985_2#146_fa,307
36812_1#310_fa,269
36774_1#94_fa,292
36985_2#337_fa,313
37017_2#155_fa,366
37017_2#358_fa,277
36984_2#121_fa,317
36812_1#117_fa,258
46358_2#130_fa,273
36985_1#239_fa,253
48373_1#33_fa,257
36983_1#111_fa,257
36985_2#219_fa,299
36773_2#37_fa,259
36983_2#301_fa,267
48373_1#160_fa,316
48373_1#356_fa,365
37017_1#88_fa,378
36985_1#188_fa,254
36774_1#203_fa,291
36812_2#128_fa,252
36812_1#217_fa,277
37017_2#49_fa,386
37017_2#91_fa,361
36983_1#376_fa,253
36983_2#315_fa,259
36985_1#181_fa,334
36985_2#44_fa,399
36985_1#356_fa,291
48373_1#79_fa,338
36774_2#323_fa,306
46358_2#268_fa,423
36984_2#120_fa,282
36985_1#5_fa,254
46358_2#89_fa,316
46358_2#193_fa,361
46358_2#357_fa,306
46358_2#285_fa,301
46472_2#281_fa,335
38087_1#377_fa,317
36983_1#22_fa,266
48373_1#151_fa,272
36812_1#288_fa,252
36773_2#222_fa,259
36774_2#51_fa,391
38087_1#116_fa,268
36985_1#292_fa,262
36985_1#96_fa,338
36812_1#286_fa,277
36985_1#53_fa,297
36774_2#293_fa,268
46358_2#35_fa,261
36812_1#370_fa,252
36985_1#347_fa,513
36774_2#288_fa,281
36984_2#371_fa,515
48373_1#148_fa,298
37311_1#141_fa,307
37311_1#33_fa,509
36985_2#365_fa,299
36985_1#75_fa,293
37017_1#180_fa,359
38087_1#126_fa,323
46358_2#63_fa,282
36774_2#375_fa,284
36812_1#352_fa,257
48373_1#19_fa,522
36812_2#56_fa,315
36985_1#83_fa,268
48373_1#104_fa,367
36812_2#218_fa,301
36812_2#183_fa,260
36983_2#252_fa,257
37017_2#18_fa,371
48373_1#219_fa,262
36812_1#221_fa,293
37017_2#36_fa,399
48373_1#224_fa,283
46358_2#219_fa,305
36984_2#350_fa,399
36774_1#138_fa,288
36985_2#355_fa,259
36985_2#209_fa,259
36774_1#340_fa,295
48373_1#48_fa,271
36774_1#82_fa,270
36984_2#216_fa,312
46358_2#365_fa,306
36983_2#65_fa,291
36985_2#101_fa,340
46358_2#152_fa,306
48373_1#140_fa,254
46358_2#183_fa,321
36982_2#216_fa,290
36774_1#40_fa,268
38087_1#52_fa,397
48373_1#40_fa,253
48373_1#358_fa,262
38087_1#154_fa,371
48373_1#343_fa,262
36774_1#284_fa,313
46472_2#122_fa,326
48373_1#78_fa,272
36983_2#146_fa,309
36774_2#365_fa,329
36985_2#356_fa,279
46358_2#211_fa,335
36983_1#365_fa,411
36773_2#209_fa,310
36774_1#197_fa,305
36774_2#130_fa,291
36812_2#350_fa,349
36983_2#354_fa,307
36774_1#282_fa,309
36774_1#84_fa,296
36774_2#259_fa,386
36812_1#379_fa,265
36983_1#322_fa,293
36984_2#77_fa,255
46321_2#235_fa,440
36985_1#355_fa,252
36773_2#311_fa,295
46358_2#190_fa,335
36774_2#292_fa,254
36985_1#314_fa,276
36774_2#366_fa,269
36985_1#144_fa,339
46358_2#127_fa,311
36985_1#126_fa,291
36982_2#90_fa,269
36985_2#193_fa,257
38087_1#215_fa,259
36773_2#178_fa,281
36774_2#281_fa,267
36985_1#173_fa,284
37017_1#94_fa,311
37017_2#221_fa,296
36812_1#96_fa,523
46472_2#315_fa,275
36982_2#122_fa,253
37017_2#38_fa,304
37311_1#203_fa,282
36774_2#310_fa,485
36985_2#334_fa,291
48373_1#31_fa,310
36982_2#346_fa,260
36774_2#162_fa,302
36984_2#73_fa,281
38087_1#189_fa,313
36984_2#188_fa,262
36812_1#158_fa,308
36774_1#154_fa,488
46358_2#150_fa,348
36774_2#60_fa,350
36774_2#237_fa,264
46358_2#343_fa,269
37017_2#12_fa,267
46321_1#49_fa,265
48373_1#45_fa,432
36984_2#276_fa,313
36984_2#263_fa,411
36983_1#89_fa,253
36773_2#167_fa,270
36774_1#306_fa,326
36985_1#337_fa,253
37311_1#237_fa,327
36983_1#73_fa,384
46358_2#43_fa,573
48373_1#297_fa,389
37017_2#178_fa,331
36985_1#12_fa,280
36983_1#117_fa,270
38087_1#156_fa,316
36774_2#260_fa,288
46472_2#124_fa,270
36984_2#285_fa,253
36985_1#162_fa,283
37017_2#198_fa,326
37017_2#357_fa,362
36984_2#261_fa,255
46358_2#69_fa,283
36982_2#116_fa,382
37017_2#384_fa,345
36812_1#307_fa,257
36812_1#79_fa,403
36984_2#63_fa,280
48373_1#227_fa,257
36812_1#349_fa,262
37017_2#86_fa,371
36985_2#24_fa,268
36984_2#205_fa,322
36812_1#182_fa,273
46472_2#96_fa,282
36773_2#230_fa,258
36983_1#169_fa,252
48373_1#275_fa,274
36774_1#355_fa,252
36773_2#145_fa,353
36984_2#190_fa,278
36812_1#211_fa,288
36774_2#336_fa,397
36812_1#317_fa,342
36985_2#371_fa,386
37017_2#379_fa,268
36774_2#120_fa,401
36774_2#56_fa,311
36983_2#218_fa,253
36773_2#207_fa,270
36773_2#290_fa,381
36985_1#11_fa,252
36983_1#331_fa,288
36985_2#383_fa,259
36774_2#268_fa,386
46321_1#380_fa,321
48373_1#267_fa,302
37017_2#23_fa,263
46321_1#51_fa,260
37017_2#101_fa,259
36774_1#293_fa,313
48373_1#312_fa,255
36985_1#63_fa,265
48373_1#251_fa,314
46358_2#62_fa,255
46358_2#76_fa,278
36773_2#176_fa,310
46358_2#117_fa,337
36984_2#159_fa,485
38087_1#281_fa,277
36812_1#215_fa,306
38087_1#54_fa,267
37017_2#151_fa,411
37017_1#313_fa,393
37822_1#19_fa,265
36983_2#2_fa,265
36774_1#312_fa,351
36983_1#342_fa,323
38087_1#340_fa,478
36773_2#92_fa,391
37017_1#251_fa,426
36984_2#345_fa,392
36984_2#58_fa,592
36985_2#164_fa,253
48373_1#175_fa,389
36812_1#314_fa,384
36985_1#118_fa,268
37017_2#236_fa,261
36774_1#159_fa,257
48373_1#189_fa,496
48373_1#250_fa,373
36985_2#150_fa,259
46358_2#121_fa,259
48373_1#345_fa,564
36985_2#319_fa,343
46358_2#179_fa,253
36774_1#27_fa,332
36774_1#232_fa,301
46321_2#167_fa,454
36983_2#353_fa,270
36985_1#153_fa,351
36774_2#194_fa,361
36773_2#356_fa,281
36983_2#135_fa,259
36983_2#383_fa,259
36812_1#48_fa,296
37017_1#223_fa,306
36982_2#256_fa,400
37311_1#267_fa,279
36774_1#62_fa,265
48373_1#117_fa,337
46472_2#94_fa,275
36983_2#319_fa,293
36985_1#205_fa,332
36774_1#259_fa,289
36983_1#140_fa,297
48373_1#235_fa,371
36983_1#274_fa,266
46472_2#338_fa,327
48373_1#320_fa,320
46358_2#247_fa,280
36985_2#119_fa,257
36985_2#170_fa,317
37017_2#177_fa,316
37017_2#296_fa,509
36774_1#276_fa,267
36774_1#233_fa,332
36985_1#198_fa,343
36773_2#77_fa,348
36774_2#179_fa,334
46321_1#61_fa,274
46321_2#140_fa,301
36984_2#175_fa,268
36985_2#51_fa,313
36983_1#113_fa,486
36774_1#239_fa,273
36985_1#183_fa,256
36774_1#205_fa,334
36812_2#275_fa,304
36982_2#114_fa,382
36985_2#58_fa,291
36985_1#141_fa,385
46321_2#142_fa,253
36774_2#54_fa,253
36774_2#189_fa,278
36983_2#376_fa,280
37311_1#301_fa,302
36812_2#243_fa,290
46321_2#339_fa,257
36812_1#250_fa,252
36984_2#148_fa,331
37017_1#382_fa,348
37017_2#4_fa,282
48373_1#162_fa,259
46358_2#114_fa,274
37017_2#146_fa,299
46472_2#123_fa,260
38087_1#58_fa,301
36774_2#177_fa,288
36812_1#108_fa,257
36774_2#41_fa,329
46321_1#364_fa,265
36982_2#126_fa,277
36812_1#18_fa,308
46321_1#381_fa,276
36984_2#142_fa,267
36985_2#351_fa,322
37017_1#214_fa,310
46321_2#147_fa,282
48373_1#280_fa,432
36773_2#168_fa,286
36812_2#148_fa,263
36983_1#83_fa,317
36983_1#45_fa,255
36773_2#5_fa,268
36773_2#174_fa,280
36812_2#339_fa,257
36985_2#137_fa,266
36812_2#256_fa,277
36774_2#339_fa,353
36985_2#278_fa,259
36983_2#85_fa,257
46321_2#300_fa,336
36984_2#356_fa,304
48373_1#247_fa,262
37017_2#46_fa,281
36774_1#278_fa,307
36774_2#112_fa,264
36983_1#186_fa,267
48373_1#137_fa,257
46321_2#115_fa,257
48373_1#294_fa,271
36985_2#63_fa,288
36812_2#314_fa,280
36774_2#282_fa,252
36983_1#261_fa,261
36983_2#9_fa,301
36774_1#236_fa,429
36774_2#147_fa,370
36773_2#237_fa,607
36774_2#207_fa,264
36984_2#331_fa,253
36985_1#383_fa,332
46358_2#31_fa,477
37017_2#283_fa,345
36812_1#356_fa,263
36774_1#380_fa,270
46358_2#381_fa,260
36812_2#155_fa,266
36983_2#163_fa,362
36774_1#119_fa,276
36812_1#188_fa,325
36774_1#353_fa,276
36774_2#3_fa,362
36774_1#139_fa,261
36985_1#86_fa,293
36774_2#79_fa,255
36773_2#156_fa,263
36985_2#8_fa,281
46358_2#144_fa,306
48373_1#152_fa,262
46358_2#12_fa,280
46321_2#350_fa,269
36983_1#55_fa,268
46472_2#50_fa,287
46321_2#119_fa,302
36985_2#172_fa,423
36773_2#35_fa,257
36985_1#241_fa,288
37017_2#249_fa,267
36774_2#364_fa,314
37017_2#365_fa,362
36812_1#198_fa,252
46321_2#110_fa,259
36985_2#346_fa,315
48373_1#342_fa,262
36812_1#324_fa,252
48373_1#136_fa,285
36774_2#357_fa,286
36984_2#347_fa,292
37017_2#173_fa,277
37017_2#56_fa,321
36774_1#25_fa,369
36774_2#279_fa,261
46321_2#180_fa,272
36774_1#277_fa,273
36984_2#195_fa,259
36774_2#374_fa,297
46321_1#23_fa,253
36773_2#196_fa,310
37311_1#41_fa,259
37017_1#256_fa,266
48373_1#12_fa,253
36774_2#80_fa,413
37017_2#72_fa,265
36774_2#284_fa,291
48373_1#245_fa,319
37017_2#122_fa,314
36774_2#382_fa,426
36984_2#52_fa,269
36984_2#164_fa,348
48373_1#97_fa,337
46358_2#326_fa,321
36812_2#320_fa,311
36774_1#310_fa,339
36773_2#200_fa,252
36983_1#196_fa,290
37017_2#295_fa,301
36985_1#260_fa,257
36774_1#178_fa,280
36774_2#318_fa,307
46358_2#226_fa,446
36812_1#46_fa,406
36983_2#377_fa,271
36983_1#147_fa,290
48373_1#319_fa,285
48373_1#66_fa,260
36983_2#96_fa,330
37017_2#65_fa,265
36812_1#26_fa,282
36985_2#111_fa,252
36774_1#240_fa,255
36812_1#34_fa,324
36774_2#145_fa,309
36984_2#115_fa,382
36774_1#331_fa,260
48373_1#196_fa,294
48373_1#118_fa,363
37017_2#165_fa,345
36983_1#119_fa,346
36983_1#66_fa,253
37017_2#67_fa,377
37017_2#153_fa,302
38087_1#253_fa,252
36774_2#384_fa,356
36985_1#88_fa,263
36984_2#340_fa,351
46321_1#316_fa,273
36774_2#346_fa,340
36983_1#177_fa,297
36985_2#169_fa,391
36774_1#57_fa,270
48373_1#150_fa,408
36985_2#282_fa,315
36812_1#85_fa,328
36984_2#212_fa,257
36983_1#315_fa,297
36985_2#41_fa,278
48373_1#102_fa,492
48373_1#60_fa,318
36983_1#192_fa,252
36985_2#135_fa,312
48373_1#32_fa,314
36812_1#351_fa,253
36983_1#77_fa,288
37017_2#247_fa,266
36774_2#379_fa,252
38087_1#247_fa,479
36774_1#224_fa,316
48373_1#58_fa,272
36983_2#203_fa,255
36812_1#170_fa,353
36985_1#210_fa,359
36985_1#303_fa,313
36983_1#17_fa,288
46321_2#160_fa,293
46358_2#85_fa,257
36773_2#259_fa,429
36983_2#305_fa,275
38087_1#378_fa,307
36984_2#294_fa,265
36984_2#260_fa,316
46321_1#81_fa,260
36774_1#209_fa,260
37017_2#31_fa,520
37017_1#371_fa,259
36984_2#228_fa,290
46321_2#134_fa,403
46358_2#237_fa,298
46321_2#294_fa,298
36983_1#294_fa,270
37017_2#368_fa,259
46321_2#109_fa,259
36983_2#300_fa,288
36983_2#162_fa,302
36983_2#34_fa,596
36774_1#45_fa,292
36985_2#140_fa,263
36774_1#105_fa,264
37017_1#178_fa,297
36985_2#321_fa,269
36983_2#291_fa,269
36984_2#314_fa,277
48373_1#165_fa,255
37017_2#275_fa,269
36985_2#35_fa,330
37017_2#80_fa,277
48373_1#86_fa,283
36774_1#193_fa,330
36774_2#67_fa,254
36773_2#181_fa,279
38087_1#120_fa,261
36983_2#177_fa,329
36982_2#156_fa,343
38087_1#150_fa,360
36774_2#210_fa,281
37017_2#62_fa,371
36983_2#331_fa,255
48373_1#357_fa,262
36774_2#23_fa,259
37017_1#278_fa,266
36773_2#46_fa,257
36774_1#368_fa,252
48373_1#228_fa,274
36983_2#264_fa,277
36984_2#169_fa,314
36774_2#192_fa,437
36812_1#10_fa,382
37017_2#163_fa,257
36984_2#94_fa,252
37017_2#213_fa,268
48373_1#212_fa,324
36985_2#46_fa,263
36984_2#339_fa,252
37017_2#88_fa,352
36812_1#258_fa,260
46358_2#125_fa,499
46321_1#152_fa,280
36985_1#316_fa,385
36983_2#334_fa,297
36984_2#334_fa,392
37017_2#289_fa,276
36985_1#44_fa,272
36812_1#259_fa,283
37017_1#215_fa,282
36984_2#35_fa,323
46321_1#93_fa,253
36774_1#352_fa,274
36774_2#347_fa,354
36984_2#289_fa,290
37017_2#180_fa,339
37017_2#51_fa,515
37311_1#171_fa,298
48373_1#21_fa,294
36812_1#269_fa,324
36985_1#131_fa,297
36774_2#52_fa,342
36812_1#369_fa,259
36774_1#291_fa,526
36774_2#168_fa,267
36983_2#292_fa,292
36983_1#193_fa,255
48373_1#323_fa,257
36773_2#124_fa,377
36812_2#156_fa,252
36812_1#137_fa,265
36983_1#372_fa,283
36983_2#318_fa,259
36773_2#47_fa,263
36985_2#252_fa,252
48373_1#83_fa,273
36985_2#375_fa,375
37017_2#318_fa,330
46358_2#138_fa,258
36812_1#292_fa,282
36812_1#113_fa,451
37017_2#215_fa,313
37017_2#331_fa,371
37017_2#330_fa,267
36774_2#155_fa,369
36982_2#146_fa,299
37017_2#184_fa,270
46358_2#383_fa,385
37311_1#13_fa,276
48373_1#198_fa,257
36773_2#375_fa,313
37017_1#241_fa,316
36984_2#223_fa,252
36774_1#44_fa,257
36984_2#26_fa,253
36984_2#180_fa,453
36984_2#247_fa,271
36773_2#106_fa,253
36774_2#304_fa,284
36812_1#66_fa,311
46321_2#247_fa,288
38087_1#371_fa,299
37017_2#192_fa,260
46321_2#132_fa,259
36812_1#204_fa,283
46472_2#314_fa,280
36774_1#220_fa,288
36985_1#93_fa,277
36773_2#321_fa,274
36773_2#272_fa,267
46321_1#375_fa,584
46321_2#261_fa,335
37017_2#347_fa,354
36773_2#371_fa,453
36812_1#302_fa,277
36984_2#134_fa,595
37311_1#231_fa,253
36984_2#137_fa,424
37017_2#207_fa,253
36984_2#9_fa,260
36812_1#293_fa,310
36773_2#235_fa,282
36983_2#313_fa,252
36984_2#31_fa,377
36774_1#297_fa,321
36774_2#144_fa,270
36774_2#380_fa,417
38087_1#370_fa,346
48373_1#258_fa,273
46321_2#363_fa,258
37017_2#141_fa,406
37017_2#271_fa,255
36812_2#94_fa,312
36985_2#309_fa,257
36774_2#104_fa,252
36983_1#14_fa,288
36983_2#267_fa,298
36985_2#131_fa,374
36985_2#76_fa,255
36812_1#135_fa,270
48373_1#68_fa,273
36773_2#288_fa,429
36985_2#155_fa,315
36774_2#59_fa,271
48373_1#180_fa,257
36774_2#226_fa,270
46321_1#60_fa,257
36983_2#361_fa,488
48373_1#201_fa,338
36983_1#379_fa,382
37017_2#147_fa,265
37017_2#22_fa,312
37017_2#294_fa,339
36985_1#238_fa,313
36812_2#274_fa,321
36985_1#146_fa,289
36773_2#253_fa,271
36985_2#237_fa,256
46358_2#223_fa,261
38087_1#280_fa,280
36985_2#124_fa,254
46358_2#270_fa,336
37311_1#67_fa,267
36985_1#224_fa,397
36812_1#28_fa,257
36812_2#253_fa,259
36982_2#288_fa,259
36983_1#337_fa,361
36983_1#162_fa,259
37017_2#58_fa,314
36984_2#203_fa,284
46358_2#187_fa,280
36812_2#305_fa,255
37017_2#162_fa,252
38087_1#86_fa,362
36985_1#254_fa,263
38087_1#62_fa,510
36982_2#94_fa,257
36984_2#328_fa,260
37311_1#161_fa,334
36985_2#90_fa,268
36985_1#90_fa,315
37017_1#255_fa,428
38087_1#92_fa,261
37017_2#128_fa,424
36983_2#277_fa,256
46472_2#28_fa,336
38087_1#214_fa,326
36983_1#116_fa,313
48373_1#278_fa,318
36985_2#357_fa,429
46321_1#277_fa,261
36984_2#317_fa,254
36774_2#351_fa,257
36773_2#60_fa,269
36774_2#326_fa,361
36812_1#308_fa,394
36982_2#352_fa,283
36984_2#64_fa,268
36985_2#3_fa,281
37017_1#160_fa,275
37017_1#317_fa,370
37017_2#161_fa,255
36983_1#30_fa,252
36812_1#289_fa,313
36983_1#378_fa,318
36812_1#363_fa,448
48373_1#314_fa,294
36983_1#366_fa,282
46321_2#204_fa,490
36773_2#296_fa,261
37017_2#197_fa,297
37017_2#297_fa,309
36812_1#273_fa,482
36773_2#193_fa,313
36984_2#250_fa,393
36984_2#329_fa,252
36983_1#350_fa,418
46321_2#365_fa,261
36983_1#272_fa,308
36984_2#282_fa,255
36812_1#229_fa,259
46321_2#33_fa,446
36985_2#217_fa,284
37017_1#247_fa,289
36773_2#171_fa,401
46358_2#272_fa,268
36774_2#314_fa,323
36983_2#329_fa,309
46358_2#267_fa,257
46321_2#186_fa,423
36812_2#381_fa,412
36985_2#254_fa,297
46321_1#188_fa,253
36983_1#91_fa,391
36773_2#350_fa,309
48373_1#92_fa,314
36773_2#101_fa,286
46321_1#150_fa,440
36773_2#287_fa,306
36985_2#274_fa,341
46358_2#199_fa,360
46472_2#280_fa,280
46321_1#334_fa,291
36774_2#370_fa,253
46321_1#184_fa,394
48373_1#36_fa,373
48373_1#359_fa,318
36983_1#280_fa,345
48373_1#17_fa,434
36812_1#272_fa,270
36983_2#362_fa,481
38087_1#178_fa,297
36773_2#291_fa,283
36774_1#384_fa,331
36812_2#185_fa,598
36985_2#264_fa,255
36773_2#317_fa,441
37017_2#378_fa,259
36773_2#228_fa,313
36983_1#219_fa,253
36774_2#333_fa,330
36985_1#128_fa,277
48373_1#112_fa,347
37017_2#60_fa,326
36983_1#109_fa,290
36774_1#69_fa,263
36773_2#275_fa,342
36812_1#251_fa,345
36983_1#202_fa,287
36985_2#286_fa,341
36983_2#194_fa,305
46358_2#30_fa,505
36985_2#66_fa,277
36983_2#382_fa,345
36983_1#29_fa,307
36985_2#347_fa,343
48373_1#305_fa,271
46321_1#25_fa,257
48373_1#44_fa,363
46358_2#216_fa,279
36984_2#126_fa,316
36982_2#24_fa,273
36985_2#307_fa,259
36774_2#238_fa,329
36985_2#86_fa,271
46358_2#311_fa,283
36985_2#353_fa,292
38087_1#287_fa,286
36774_2#239_fa,264
37017_2#285_fa,289
36774_1#8_fa,252
36774_2#86_fa,283
46321_2#188_fa,407
36812_1#341_fa,259
36985_2#198_fa,310
36983_1#43_fa,281
36774_1#188_fa,263
36774_1#107_fa,312
36983_2#248_fa,359
36985_2#314_fa,261
36773_2#382_fa,269
36985_2#367_fa,252
36774_2#42_fa,374
36812_1#309_fa,255
36812_1#12_fa,293
36774_1#86_fa,283
46321_1#328_fa,259
36982_2#342_fa,297
36985_1#362_fa,258
36984_2#193_fa,255
36774_1#52_fa,425
37822_1#49_fa,387
36774_2#234_fa,289
46321_2#136_fa,269
48373_1#132_fa,287
36812_2#311_fa,265
36983_2#290_fa,265
36985_2#241_fa,261
36812_2#309_fa,281
46358_2#320_fa,385
37017_2#314_fa,309
46321_1#56_fa,379
36774_1#72_fa,322
48373_1#277_fa,272
36773_2#363_fa,261
36984_2#381_fa,265
37017_2#136_fa,342
36983_2#268_fa,292
37017_2#66_fa,345
36774_2#225_fa,276
36812_1#334_fa,267
36983_2#119_fa,293
36812_1#84_fa,267
36773_2#332_fa,369
36985_1#312_fa,259
36985_2#42_fa,305
37017_1#156_fa,359
36774_1#106_fa,259
46472_2#120_fa,252
46321_2#371_fa,253
37017_2#322_fa,307
36983_1#305_fa,280
36774_2#137_fa,336
36774_2#34_fa,264
36812_1#340_fa,370
36983_1#254_fa,447
36983_1#216_fa,269
48373_1#332_fa,358
36985_1#117_fa,341
46321_1#85_fa,308
37017_2#252_fa,260
37017_2#269_fa,275
36774_2#132_fa,261
36812_1#56_fa,306
46358_2#289_fa,255
36982_2#276_fa,295
36983_1#85_fa,275
36774_2#114_fa,312
36812_2#276_fa,258
36985_2#192_fa,255
36984_2#185_fa,268
36773_2#301_fa,267
36984_2#23_fa,255
36984_2#61_fa,299
48373_1#154_fa,257
36985_1#175_fa,290
46358_2#266_fa,260
36812_1#207_fa,283
36985_1#29_fa,359
37311_1#289_fa,254
36774_2#180_fa,413
46358_2#123_fa,276
36983_1#172_fa,267
36985_1#68_fa,266
36812_1#92_fa,375
37017_2#138_fa,305
48373_1#14_fa,294
36774_1#146_fa,314
36812_1#81_fa,318
36982_2#178_fa,255
36773_2#269_fa,271
36773_2#65_fa,308
36774_2#269_fa,381
36985_1#57_fa,331
36812_2#372_fa,391
36985_2#250_fa,277
36983_2#95_fa,297
36984_2#116_fa,296
37311_1#111_fa,257
36812_2#341_fa,277
46321_2#249_fa,327
36773_2#252_fa,353
36773_2#250_fa,353
36983_2#13_fa,316
36812_1#123_fa,253
36985_1#89_fa,374
36774_1#71_fa,252
38087_1#288_fa,267
36812_1#200_fa,339
37017_2#248_fa,299
37017_2#377_fa,292
48373_1#181_fa,364
48373_1#5_fa,294
36773_2#100_fa,307
36985_1#326_fa,253
46472_2#158_fa,471
48373_1#184_fa,294
36985_1#318_fa,295
48373_1#84_fa,271
36983_1#369_fa,265
36983_1#156_fa,289
38087_1#342_fa,321
36812_2#319_fa,286
48373_1#202_fa,373
36773_2#158_fa,264
37017_2#33_fa,258
36985_1#3_fa,276
37017_2#188_fa,252
46321_2#194_fa,473
36812_2#186_fa,401
36812_2#370_fa,255
36984_2#209_fa,309
36773_2#268_fa,283
36985_2#5_fa,392
36774_1#184_fa,325
48373_1#204_fa,310
48373_1#50_fa,561
36773_2#172_fa,441
36985_2#114_fa,343
36983_1#361_fa,288
36983_2#71_fa,263
36983_1#338_fa,316
36984_2#332_fa,301
36985_1#301_fa,278
36774_1#134_fa,296
36774_1#130_fa,310
37311_1#135_fa,404
36774_1#371_fa,293
46358_2#40_fa,574
36774_2#348_fa,391
36985_2#40_fa,253
36983_2#104_fa,297
36812_1#138_fa,265
36984_2#230_fa,273
46472_2#54_fa,253
38087_1#284_fa,259
36774_1#148_fa,386
48373_1#41_fa,257
36983_2#375_fa,268
36773_2#16_fa,259
37017_2#341_fa,312
46321_1#272_fa,253
36983_1#185_fa,252
48373_1#158_fa,420
48373_1#16_fa,253
46358_2#146_fa,386
37017_2#307_fa,252
48373_1#286_fa,326
36774_1#64_fa,314
38087_1#306_fa,255
36773_2#13_fa,263
36982_2#318_fa,322
48373_1#355_fa,253
36774_2#309_fa,325
36985_2#87_fa,262
37017_2#325_fa,300
36983_1#44_fa,252
36812_1#367_fa,366
46358_2#277_fa,361
46358_2#349_fa,252
36985_1#55_fa,290
36985_2#270_fa,311
36774_1#162_fa,291
48373_1#272_fa,274
36985_2#130_fa,370
36773_2#14_fa,376
37017_2#114_fa,299
37017_1#190_fa,272
36985_1#345_fa,375
36774_2#106_fa,268
46358_2#228_fa,278
36774_1#88_fa,273
46321_1#82_fa,263
37017_1#182_fa,253
36985_1#73_fa,263
36985_1#285_fa,353
36985_1#77_fa,261
48373_1#233_fa,255
36984_2#112_fa,288
36985_2#132_fa,257
46321_2#246_fa,257
36982_2#30_fa,261
36985_2#335_fa,267
36812_1#213_fa,415
37017_1#338_fa,277
36774_2#204_fa,276
36985_2#180_fa,295
36983_2#158_fa,362
38087_1#286_fa,267
36983_1#328_fa,266
36774_2#131_fa,310
37311_1#47_fa,352
48373_1#340_fa,300
36812_1#145_fa,252
36812_2#308_fa,481
36774_1#262_fa,261
36773_2#49_fa,281
48373_1#360_fa,310
36985_2#194_fa,297
46321_2#298_fa,255
37017_1#350_fa,252
36985_2#65_fa,280
48373_1#237_fa,271
48373_1#349_fa,294
36773_2#309_fa,331
36774_2#201_fa,305
46321_1#91_fa,257
36812_2#284_fa,305
36985_2#382_fa,259
46358_2#309_fa,329
46358_2#83_fa,571
37311_1#129_fa,340
36774_2#271_fa,289
36985_1#180_fa,334
36774_2#99_fa,317
37017_2#83_fa,332
48373_1#10_fa,275
36774_2#360_fa,360
36812_2#288_fa,263
36984_2#373_fa,257
36773_2#94_fa,431
36983_1#76_fa,270
36774_2#110_fa,276
38087_1#309_fa,301
36774_2#193_fa,255
46321_2#137_fa,269
48373_1#9_fa,298
36985_1#1_fa,286
46358_2#82_fa,361
36983_1#371_fa,263
36984_2#274_fa,309
36773_2#53_fa,254
37017_2#237_fa,316
46321_2#353_fa,402
36774_2#89_fa,277
36983_2#282_fa,290
36773_2#108_fa,530
36983_2#150_fa,265
36985_2#203_fa,265
38087_1#158_fa,281
48373_1#70_fa,298
37017_2#363_fa,317
36774_2#13_fa,257
37017_1#252_fa,295
36983_2#241_fa,280
46472_2#242_fa,278
36774_2#202_fa,289
36983_1#308_fa,275
36983_1#208_fa,315
36985_1#381_fa,278
38087_1#124_fa,315
46358_2#110_fa,394
36984_2#346_fa,387
36984_2#18_fa,255
36812_1#263_fa,295
36983_1#94_fa,489
36984_2#131_fa,281
46472_2#347_fa,264
36985_2#302_fa,328
36985_2#85_fa,267
36774_1#249_fa,292
36774_2#46_fa,259
36773_2#12_fa,288
36985_1#37_fa,371
36812_2#281_fa,275
36985_1#273_fa,399
36812_1#153_fa,334
36812_1#282_fa,263
36985_2#55_fa,257
36984_2#171_fa,317
48373_1#300_fa,264
37017_1#246_fa,431
36774_1#147_fa,374
37017_2#73_fa,366
46358_2#164_fa,274
48373_1#144_fa,272
36983_2#296_fa,288
36984_2#344_fa,270
36812_2#22_fa,293
46321_1#298_fa,369
36984_2#333_fa,252
36773_2#99_fa,354
36812_1#189_fa,349
36983_1#56_fa,257
37017_1#222_fa,306
36773_2#55_fa,263
46472_2#274_fa,472
37311_1#137_fa,307
48373_1#276_fa,286
36773_2#182_fa,376
36985_1#251_fa,305
36983_1#352_fa,266
36984_2#218_fa,269
36983_2#338_fa,339
36983_1#133_fa,343
36812_1#227_fa,482
46472_2#64_fa,421
48373_1#53_fa,355
46358_2#301_fa,261
36984_2#54_fa,341
37017_2#190_fa,283
48373_1#35_fa,272
48373_1#231_fa,255
36985_1#105_fa,296
36983_1#271_fa,263
36774_1#200_fa,259
36985_2#204_fa,263
36812_1#38_fa,321
36983_1#276_fa,314
37017_1#24_fa,315
36773_2#126_fa,264
48373_1#177_fa,358
36774_1#375_fa,325
38087_1#219_fa,290
36773_2#331_fa,267
36812_2#351_fa,418
48373_1#13_fa,389
36774_2#262_fa,342
36812_1#129_fa,275
36812_1#255_fa,279
36812_1#87_fa,260
36983_1#292_fa,290
36985_1#354_fa,252
36985_2#178_fa,276
37017_2#343_fa,297
36773_2#34_fa,280
46358_2#113_fa,255
37017_1#20_fa,295
36984_2#375_fa,293
36774_1#128_fa,252
36774_1#126_fa,259
36982_2#378_fa,288
36774_2#356_fa,268
37017_2#24_fa,253
36774_1#300_fa,275
36983_2#256_fa,275
46358_2#245_fa,421
36985_1#258_fa,257
36985_2#242_fa,295
36983_1#38_fa,259
36984_2#191_fa,293
36773_2#383_fa,254
36985_1#366_fa,266
48373_1#220_fa,287
46321_2#290_fa,402
36774_2#49_fa,253
36812_1#359_fa,291
36773_2#68_fa,255
48373_1#363_fa,420
36985_2#359_fa,315
46321_2#375_fa,283
36985_2#276_fa,526
37017_2#109_fa,377
37017_1#148_fa,253
36812_1#296_fa,291
36983_2#116_fa,280
37822_1#17_fa,342
36812_1#128_fa,267
36812_1#42_fa,312
36774_2#153_fa,398
37017_1#337_fa,306
46358_2#147_fa,280
36773_2#216_fa,331
36773_2#50_fa,316
36773_2#337_fa,270
36985_2#306_fa,306
38087_1#24_fa,330
36812_1#19_fa,329
36774_2#70_fa,260
36812_1#332_fa,352
37017_2#303_fa,252
36982_2#62_fa,275
37017_2#45_fa,324
36985_1#15_fa,343
37017_2#250_fa,306
37017_2#113_fa,292
37311_1#3_fa,277
36983_1#114_fa,288
36773_2#261_fa,353
36773_2#136_fa,332
36984_2#264_fa,284
36774_2#246_fa,427
36773_2#150_fa,322
36812_1#345_fa,267
36985_1#367_fa,270
46321_2#221_fa,262
36773_2#40_fa,261
36985_1#165_fa,300
38087_1#349_fa,346
36983_1#203_fa,283
36985_2#305_fa,349
38087_1#383_fa,265
46358_2#28_fa,366
48373_1#98_fa,364
38087_1#315_fa,254
46321_2#104_fa,274
36812_1#51_fa,342
36985_2#222_fa,266
36984_2#361_fa,255
48373_1#133_fa,262
36812_1#301_fa,260
36774_2#244_fa,297
36812_1#93_fa,308
36773_2#128_fa,252
36774_2#313_fa,293
36774_1#61_fa,289
36774_2#7_fa,261
36774_1#345_fa,291
46472_2#88_fa,325
37017_2#375_fa,406
36774_1#237_fa,252
46472_2#339_fa,423
36985_2#152_fa,413
36773_2#130_fa,270
36983_1#24_fa,266
36983_2#217_fa,304
36985_1#107_fa,271
36774_2#39_fa,264
36773_2#256_fa,284
36985_1#94_fa,270
36773_2#143_fa,267
36983_1#258_fa,257
37311_1#293_fa,334
48373_1#246_fa,320
46358_2#265_fa,295
36773_2#260_fa,270
36773_2#153_fa,291
36812_1#78_fa,252
37017_1#192_fa,257
36774_1#28_fa,455
36985_1#231_fa,341
36774_2#324_fa,280
46321_2#323_fa,580
37017_1#285_fa,264
36774_2#44_fa,276
36983_2#343_fa,322
37017_2#353_fa,255
36985_2#202_fa,255
37017_2#292_fa,276
36812_2#254_fa,425
46358_2#77_fa,311
46358_2#158_fa,262
37311_1#101_fa,282
36982_2#254_fa,323
36985_1#187_fa,265
36985_2#33_fa,291
36774_2#66_fa,379
46321_2#198_fa,378
36985_1#280_fa,516
36983_2#19_fa,309
37017_1#30_fa,308
36983_2#111_fa,258
36985_2#75_fa,255
36985_2#208_fa,290
36774_2#353_fa,439
36985_1#222_fa,290
36982_2#64_fa,253
36985_1#297_fa,591
36985_2#255_fa,258
36985_1#20_fa,349
36812_2#116_fa,259
36984_2#307_fa,265
36774_1#361_fa,306
36774_2#20_fa,261
36774_2#301_fa,272
46321_1#63_fa,255
36774_2#108_fa,260
38087_1#345_fa,322
46472_2#213_fa,266
37017_2#144_fa,393
37017_2#270_fa,290
46472_2#160_fa,316
37017_2#321_fa,252
48373_1#107_fa,320
36985_1#39_fa,276
36984_2#351_fa,286
36985_2#328_fa,280
36812_1#110_fa,275
48373_1#24_fa,262
36812_2#150_fa,354
36983_1#187_fa,417
36812_1#284_fa,308
36983_2#245_fa,255
36773_2#173_fa,269
36812_1#245_fa,345
36983_1#145_fa,297
36985_2#134_fa,255
48373_1#76_fa,278
36983_1#8_fa,255
36983_2#289_fa,413
37311_1#201_fa,480
46358_2#224_fa,301
36984_2#378_fa,327
36983_2#148_fa,317
37017_2#234_fa,346
37017_2#50_fa,259
36983_1#240_fa,273
36773_2#31_fa,255
36984_2#13_fa,255
46321_2#378_fa,282
38087_1#374_fa,282
48373_1#103_fa,253
36983_2#166_fa,284
36985_2#284_fa,291
36984_2#78_fa,252
36774_2#100_fa,268
36983_2#35_fa,255
36985_1#259_fa,328
36812_1#192_fa,601
36985_2#73_fa,341
37017_2#115_fa,255
36773_2#93_fa,353
36774_2#363_fa,260
37017_2#92_fa,267
46358_2#312_fa,407
36812_2#20_fa,299
36985_1#171_fa,366
37017_2#364_fa,282
36774_2#48_fa,254
37311_1#291_fa,362
36812_1#203_fa,263
37017_2#87_fa,279
36812_2#209_fa,359
36774_2#220_fa,260
36812_2#242_fa,322
37017_2#69_fa,281
37311_1#197_fa,325
36983_2#254_fa,270
37017_1#284_fa,317
46321_2#302_fa,304
36983_1#16_fa,255
48373_1#292_fa,264
37017_1#218_fa,295
46321_1#274_fa,508
48373_1#329_fa,320
36812_1#350_fa,330
36982_2#120_fa,254
36983_1#4_fa,286
36985_1#250_fa,299
36985_2#316_fa,329
37017_2#105_fa,253
36774_1#158_fa,605
36984_2#132_fa,255
37311_1#37_fa,269
36984_2#302_fa,267
36983_1#150_fa,259
37017_2#179_fa,348
37017_2#94_fa,292
36985_1#33_fa,293
36774_2#178_fa,264
37017_2#20_fa,269
36983_2#152_fa,312
48373_1#293_fa,552
36983_1#127_fa,314
36774_1#229_fa,265
46321_2#173_fa,258
36812_1#156_fa,412
36774_2#140_fa,270
36984_2#357_fa,398
48373_1#82_fa,260
36773_2#157_fa,300
36983_1#102_fa,352
36983_2#99_fa,252
36985_1#243_fa,288
36985_2#142_fa,291
36774_1#26_fa,253
36983_1#182_fa,397
36812_1#116_fa,262
36984_2#382_fa,252
36983_2#242_fa,266
37017_2#15_fa,301
36812_1#234_fa,252
37311_1#225_fa,257
36985_1#133_fa,278
46358_2#122_fa,282
36985_1#350_fa,259
46321_1#307_fa,586
36812_1#121_fa,342
38087_1#180_fa,313
36774_1#96_fa,321
36983_1#266_fa,388
37017_2#251_fa,271
36812_1#230_fa,260
37017_1#281_fa,308
36982_2#96_fa,265
36984_2#41_fa,277
48373_1#74_fa,262
37017_1#283_fa,283
46321_1#21_fa,255
36983_1#250_fa,272
37017_2#143_fa,255
36984_2#88_fa,383
36774_1#272_fa,348
36983_2#26_fa,268
36774_1#47_fa,328
48373_1#27_fa,294
46321_2#68_fa,287
38087_1#88_fa,276
36812_1#80_fa,439
37017_2#95_fa,265
36774_2#98_fa,281
36812_1#70_fa,284
36983_2#271_fa,371
36812_1#297_fa,257
36984_2#166_fa,311
48373_1#145_fa,285
36985_2#48_fa,331
46472_2#254_fa,257
36985_2#277_fa,283
36985_2#260_fa,262
36984_2#196_fa,295
37017_2#204_fa,312
46358_2#325_fa,264
37017_2#21_fa,257
36984_2#278_fa,485
36812_2#24_fa,307
36774_2#261_fa,286
36773_2#324_fa,428
36985_2#53_fa,259
36983_2#212_fa,267
37017_2#359_fa,314
36773_2#286_fa,273
36985_2#123_fa,256
36985_2#238_fa,266
36812_2#316_fa,271
36774_2#115_fa,276
48373_1#254_fa,253
36983_1#53_fa,450
38087_1#26_fa,282
36985_2#69_fa,281
46321_2#321_fa,289
36812_1#100_fa,253
36812_2#30_fa,332
36773_2#307_fa,270
36985_1#203_fa,283
36812_2#154_fa,276
36985_1#270_fa,252
37017_2#374_fa,588
38087_1#313_fa,253
36774_1#38_fa,321
36812_1#331_fa,284
36812_1#275_fa,370
46321_2#238_fa,276
36983_1#65_fa,305
48373_1#310_fa,285
48373_1#261_fa,416
36985_1#158_fa,341
36774_2#90_fa,384
36983_2#88_fa,279
36812_2#378_fa,259
46358_2#205_fa,269
37017_2#74_fa,417
36984_2#39_fa,276
36812_1#71_fa,599
36985_2#31_fa,265
38087_1#148_fa,253
36984_2#265_fa,253
36985_1#154_fa,327
36985_2#74_fa,326
36983_1#229_fa,377
37017_2#225_fa,332
36812_2#118_fa,331
37017_2#266_fa,297
36774_2#358_fa,317
46358_2#116_fa,302
36773_2#225_fa,429
36983_2#205_fa,259
36983_1#377_fa,255
36983_1#278_fa,308
37017_1#186_fa,317
36984_2#323_fa,500
36773_2#208_fa,310
37311_1#97_fa,252
36982_2#26_fa,438
36812_1#151_fa,288
36984_2#140_fa,292
36984_2#179_fa,349
46321_1#308_fa,298
36812_2#146_fa,311
48373_1#173_fa,320
36983_2#3_fa,301
37017_2#202_fa,286
36812_1#266_fa,308
36985_1#344_fa,265
36983_1#231_fa,264
48373_1#178_fa,432
36984_2#308_fa,259
36773_2#152_fa,331
38087_1#84_fa,366
36774_2#117_fa,276
46472_2#222_fa,570
46321_2#306_fa,304
37311_1#103_fa,297
36984_2#124_fa,255
36984_2#281_fa,300
38087_1#210_fa,261
36773_2#7_fa,379
46321_2#102_fa,474
36985_1#24_fa,289
36984_2#220_fa,293
36985_2#62_fa,252
48373_1#266_fa,273
36985_2#145_fa,259
36812_2#345_fa,263
36982_2#384_fa,271
36983_1#204_fa,302
36983_2#358_fa,360
46321_2#70_fa,280
36774_2#265_fa,401
36983_2#363_fa,253
36773_2#76_fa,301
38087_1#372_fa,261
36983_1#264_fa,266
36774_1#15_fa,280
36774_1#349_fa,525
36812_1#287_fa,293
36983_2#125_fa,301
36812_1#241_fa,450
36773_2#80_fa,301
36983_1#105_fa,331
36773_2#357_fa,277
36774_1#258_fa,277
36774_2#252_fa,255
36812_1#231_fa,292
36773_2#141_fa,267
36985_2#263_fa,255
37017_1#146_fa,397
36983_2#98_fa,317
46358_2#112_fa,269
36812_1#120_fa,400
37017_2#137_fa,317
36984_2#330_fa,268
46358_2#287_fa,270
46321_1#346_fa,279
48373_1#111_fa,255
36773_2#378_fa,385
46358_2#180_fa,325
48373_1#336_fa,285
46358_2#188_fa,381
36773_2#326_fa,304
36985_2#15_fa,259
36773_2#191_fa,263
36982_2#340_fa,284
37017_1#384_fa,289
36984_2#194_fa,309
36812_1#348_fa,397
36983_1#34_fa,431
36983_2#185_fa,278
36984_2#238_fa,265
36774_1#63_fa,426
38087_1#351_fa,267
36812_1#265_fa,253
48373_1#285_fa,326
36982_2#158_fa,275
36812_1#64_fa,289
36983_1#362_fa,453
48373_1#122_fa,285
36774_1#16_fa,257
48373_1#161_fa,434
46358_2#366_fa,309
36774_2#213_fa,269
36774_1#215_fa,384
48373_1#87_fa,326
36774_1#317_fa,252
48373_1#208_fa,257
46321_2#236_fa,275
36773_2#300_fa,393
36985_2#259_fa,252
36773_2#361_fa,295
36773_2#325_fa,280
36773_2#240_fa,269
46321_1#288_fa,311
36812_2#88_fa,414
37017_2#118_fa,275
37311_1#109_fa,346
48373_1#90_fa,320
36985_1#177_fa,297
36985_1#302_fa,259
37017_2#376_fa,332
36983_1#269_fa,305
36985_1#372_fa,484
36812_2#215_fa,269
36773_2#139_fa,259
36773_2#276_fa,267
46321_2#292_fa,473
37017_2#218_fa,305
36773_2#190_fa,386
37017_1#62_fa,257
36774_2#235_fa,332
36812_1#196_fa,307
48373_1#308_fa,274
36983_2#221_fa,417
36984_2#87_fa,252
37017_2#70_fa,259
48373_1#232_fa,255
36985_1#369_fa,252
36985_2#107_fa,253
36984_2#62_fa,255
46358_2#58_fa,414
36812_1#140_fa,291
46321_2#130_fa,378
46321_2#308_fa,472
36983_2#323_fa,253
36984_2#81_fa,261
36812_1#6_fa,252
38087_1#274_fa,290
36774_1#175_fa,340
48373_1#96_fa,253
36773_2#56_fa,267
37017_2#29_fa,304
38087_1#341_fa,341
36774_1#325_fa,291
36983_1#131_fa,290
46321_1#17_fa,273
36774_1#264_fa,252
38087_1#346_fa,362
46321_2#164_fa,286
36983_1#163_fa,266
36774_2#291_fa,428
36773_2#64_fa,263
37017_1#286_fa,259
36985_2#57_fa,341
46358_2#21_fa,282
36983_2#5_fa,313
36983_1#87_fa,252
36985_1#120_fa,307
38087_1#244_fa,302
36984_2#105_fa,259
36982_2#60_fa,426
36774_1#275_fa,427
36985_2#280_fa,323
36983_1#58_fa,331
36774_1#133_fa,284
36983_2#230_fa,252
36812_1#185_fa,375
46358_2#293_fa,280
36983_2#76_fa,284
36774_1#108_fa,260
36982_2#88_fa,270
36984_2#50_fa,255
46472_2#250_fa,273
36983_2#79_fa,425
36812_2#179_fa,291
36984_2#258_fa,441
36985_2#325_fa,330
37017_2#8_fa,260
48373_1#255_fa,367
46321_2#304_fa,257
46358_2#27_fa,292
36774_2#65_fa,484
36812_1#181_fa,295
36984_2#14_fa,594
36983_2#128_fa,315
36985_1#376_fa,512
36812_1#20_fa,275
37311_1#143_fa,454
36983_2#372_fa,252
37017_2#43_fa,302
36812_1#197_fa,314
36812_2#211_fa,330
36984_2#163_fa,253
36985_1#170_fa,322
37017_2#344_fa,349
36983_2#309_fa,517
37017_2#345_fa,295
36984_2#30_fa,362
36985_1#327_fa,255
36774_2#290_fa,312
46472_2#244_fa,305
36773_2#104_fa,283
37017_2#186_fa,286
36812_2#58_fa,289
46358_2#155_fa,261
36773_2#117_fa,267
36983_1#307_fa,323
36983_2#183_fa,323
46358_2#275_fa,575
37017_2#127_fa,295
36774_1#73_fa,375
46321_1#182_fa,335
36985_1#328_fa,253
36774_2#264_fa,321
36985_2#122_fa,513
38087_1#82_fa,296
46321_2#296_fa,403
36773_2#134_fa,263
36812_2#348_fa,350
37017_2#327_fa,261
36774_1#177_fa,398
36983_1#88_fa,447
36983_2#12_fa,314
46358_2#213_fa,280
36774_2#93_fa,268
37017_2#75_fa,293
46358_2#283_fa,282
36983_2#247_fa,259
36985_2#10_fa,387
48373_1#249_fa,261
36982_2#186_fa,259
36983_2#262_fa,252
36983_2#153_fa,297
46358_2#86_fa,272
36774_2#361_fa,388
36982_2#192_fa,362
36983_1#95_fa,255
46358_2#353_fa,295
36984_2#374_fa,442
36985_2#127_fa,384
36985_2#297_fa,263
36774_1#296_fa,265
36774_2#21_fa,316
37017_2#300_fa,269
37017_2#59_fa,265
46358_2#105_fa,307
46358_2#153_fa,257
46358_2#166_fa,259
37017_2#328_fa,296
37017_2#383_fa,424
36774_2#224_fa,291
46472_2#215_fa,341
36984_2#202_fa,306
46321_2#367_fa,282
36984_2#252_fa,349
36983_1#86_fa,277
36773_2#205_fa,336
46358_2#95_fa,379
36773_2#110_fa,401
48373_1#187_fa,409
36983_1#313_fa,322
37017_1#152_fa,311
36812_1#83_fa,522
36984_2#86_fa,252
36983_2#349_fa,253
46472_2#184_fa,407
36983_1#228_fa,254
36812_2#279_fa,376
36984_2#154_fa,300
36773_2#164_fa,407
37017_1#122_fa,286
36774_2#149_fa,314
36774_2#73_fa,306
36985_1#132_fa,349
36773_2#377_fa,270
36774_2#330_fa,259
36983_2#89_fa,302
36985_2#21_fa,296
36812_1#40_fa,330
46472_2#345_fa,361
46358_2#157_fa,260
36984_2#284_fa,332
36985_1#122_fa,258
36985_2#7_fa,270
37017_2#315_fa,283
48373_1#100_fa,355
36983_1#295_fa,481
36983_2#105_fa,277
37017_2#30_fa,312
36774_1#132_fa,281
36985_2#226_fa,259
36985_2#94_fa,306
36983_2#232_fa,259
36985_1#189_fa,282
48373_1#149_fa,287
36812_2#82_fa,268
37017_1#280_fa,292
36982_2#124_fa,343
37017_2#199_fa,302
46321_1#348_fa,261
36812_1#321_fa,369
36774_1#13_fa,256
36985_1#123_fa,253
36985_2#151_fa,286
36774_2#17_fa,289
36774_1#183_fa,321
36983_1#234_fa,284
37311_1#1_fa,297
36983_2#333_fa,415
37017_2#193_fa,323
48373_1#274_fa,324
46321_2#196_fa,272
37017_2#19_fa,346
46358_2#354_fa,421
46472_2#224_fa,253
36983_2#350_fa,265
36984_2#71_fa,312
37311_1#105_fa,259
36983_2#261_fa,327
36984_2#51_fa,265
36773_2#303_fa,370
36984_2#366_fa,340
36774_1#50_fa,296
36983_2#229_fa,255
46321_2#42_fa,257
46358_2#38_fa,348
36774_2#267_fa,260
36773_2#32_fa,267
36773_2#144_fa,297
36984_2#207_fa,265
46321_1#26_fa,298
36774_2#325_fa,326
36983_1#25_fa,255
36812_2#343_fa,289
36812_1#285_fa,257
36984_2#251_fa,282
48373_1#348_fa,262
46358_2#202_fa,422
36983_2#321_fa,255
46358_2#59_fa,258
36774_1#20_fa,268
36812_1#136_fa,286
46358_2#142_fa,422
36985_2#149_fa,385
36983_2#115_fa,436
37017_2#216_fa,255
36983_1#125_fa,270
36774_2#61_fa,354
48373_1#51_fa,409
36983_2#22_fa,361
36984_2#145_fa,362
36983_2#142_fa,290
36773_2#185_fa,301
36985_2#348_fa,345
36985_1#271_fa,374
36773_2#298_fa,349
36983_1#151_fa,305
36812_1#306_fa,375
36985_2#228_fa,401
38087_1#20_fa,399
36812_2#224_fa,255
36773_2#162_fa,342
37311_1#269_fa,301
36774_1#58_fa,288
36774_1#225_fa,321
46358_2#185_fa,505
36812_2#340_fa,277
36812_1#290_fa,275
36985_2#299_fa,284
36812_2#352_fa,362
36982_2#58_fa,369
46321_2#274_fa,306
36812_1#5_fa,253
48373_1#295_fa,260
36983_2#137_fa,281
36773_2#221_fa,265
36984_2#29_fa,330
38087_1#320_fa,255
36984_2#103_fa,296
36984_2#170_fa,345
36985_1#213_fa,343
46358_2#163_fa,276
36774_2#289_fa,267
36985_1#13_fa,299
36774_2#122_fa,269
36984_2#141_fa,407
36983_1#282_fa,283
37017_2#108_fa,300
36773_2#148_fa,277
36983_2#42_fa,253
36983_1#104_fa,255
36984_2#192_fa,321
36983_1#132_fa,325
46358_2#290_fa,282
46358_2#341_fa,446
36812_1#22_fa,257
36773_2#257_fa,281
36983_1#78_fa,276
36984_2#311_fa,443
36985_1#298_fa,286
48373_1#338_fa,432
46358_2#182_fa,406
36982_2#218_fa,279
36812_2#384_fa,299
36983_1#310_fa,287
36984_2#156_fa,259
36985_1#178_fa,302
46358_2#295_fa,261
36985_1#275_fa,263
46321_2#348_fa,287
37017_2#320_fa,268
36773_2#211_fa,264
38087_1#282_fa,253
36774_1#271_fa,354
36982_2#188_fa,295
36774_1#338_fa,270
46321_2#174_fa,581
36774_2#241_fa,412
36985_2#245_fa,258
36984_2#84_fa,259
36985_2#273_fa,267
36774_2#195_fa,300
36774_1#150_fa,259
36984_2#236_fa,276
48373_1#281_fa,419
48373_1#317_fa,264
46321_1#178_fa,279
46358_2#273_fa,446
36984_2#98_fa,259
36985_1#382_fa,302
36983_2#202_fa,315
36985_1#45_fa,265
36773_2#88_fa,259
46321_2#162_fa,263
36985_2#201_fa,266
36774_1#337_fa,269
36985_1#106_fa,323
36774_1#381_fa,332
36812_1#257_fa,276
46358_2#347_fa,282
46321_2#266_fa,421
36774_2#253_fa,306
36985_1#321_fa,374
46358_2#159_fa,578
46358_2#279_fa,257
36984_2#275_fa,257
36985_2#229_fa,255
48373_1#213_fa,287
48373_1#130_fa,542
48373_1#234_fa,491
36773_2#344_fa,310
48373_1#94_fa,438
46358_2#61_fa,257
36812_1#380_fa,255
36812_1#67_fa,270
36812_2#249_fa,277
36985_1#150_fa,276
48373_1#114_fa,258
36982_2#190_fa,322
36812_1#264_fa,256
36985_2#320_fa,252
38087_1#249_fa,257
36984_2#15_fa,259
36985_1#195_fa,341
48373_1#252_fa,367
36812_2#307_fa,277
36985_1#64_fa,322
46321_2#168_fa,385
36985_2#104_fa,313
37017_2#189_fa,346
36774_2#230_fa,254
36773_2#198_fa,304
36983_1#3_fa,341
36985_1#114_fa,252
48373_1#298_fa,253
46358_2#94_fa,360
48373_1#142_fa,409
36812_1#303_fa,280
46358_2#60_fa,298
36812_1#243_fa,259
36812_1#237_fa,384
48373_1#138_fa,409
36773_2#194_fa,261
36812_1#179_fa,284
36985_2#212_fa,383
36984_2#83_fa,255
36985_2#4_fa,283
36983_1#26_fa,307
36774_1#10_fa,273
36773_2#86_fa,340
48373_1#321_fa,261
36985_2#188_fa,437
37311_1#257_fa,277
36985_1#341_fa,412
38087_1#222_fa,272
38087_1#337_fa,257
36982_2#28_fa,292
36982_2#338_fa,310
48373_1#109_fa,373
36985_1#101_fa,259
46321_2#103_fa,487
36983_1#312_fa,359
36774_2#111_fa,270
36984_2#222_fa,255
36983_1#248_fa,265
36774_2#113_fa,282
36985_2#147_fa,359
36984_2#113_fa,260
36984_2#167_fa,392
48373_1#209_fa,337
36983_1#265_fa,351
37017_1#374_fa,304
36774_1#153_fa,323
46321_2#170_fa,260
48373_1#268_fa,338
36773_2#175_fa,283
36983_1#217_fa,418
36983_2#327_fa,255
36774_2#26_fa,379
36774_2#245_fa,400
48373_1#93_fa,456
46358_2#93_fa,259
38087_1#192_fa,277
36984_2#110_fa,293
36983_2#68_fa,255
36985_1#190_fa,265
36773_2#189_fa,549
36773_2#328_fa,348
37017_1#114_fa,270
36985_2#27_fa,283
36774_2#50_fa,257
36812_1#98_fa,277
46321_2#100_fa,255
38087_1#94_fa,253
36773_2#241_fa,269
36982_2#86_fa,271
48373_1#59_fa,495
36983_1#370_fa,275
38087_1#22_fa,257
37017_2#16_fa,265
36985_2#143_fa,255
46358_2#264_fa,257
36984_2#360_fa,292
36982_2#18_fa,262
46472_2#350_fa,280
38087_1#319_fa,334
36773_2#305_fa,263
37017_2#194_fa,371
36812_1#165_fa,602
36773_2#294_fa,301
36983_2#75_fa,256
36983_1#39_fa,252
36984_2#298_fa,531
37017_2#259_fa,352
36774_2#55_fa,270
36773_2#160_fa,269
48373_1#77_fa,285
46321_2#163_fa,336
46358_2#160_fa,361
46358_2#214_fa,264
46358_2#119_fa,275
36985_1#277_fa,308
36985_2#370_fa,307
48373_1#351_fa,416
36812_1#183_fa,300
36985_1#104_fa,253
36985_2#177_fa,269
36985_2#167_fa,280
36773_2#20_fa,276
46358_2#337_fa,254
36774_1#33_fa,291
48373_1#299_fa,363
36984_2#128_fa,332
48373_1#91_fa,456
46358_2#261_fa,281
36985_2#231_fa,295
36983_2#269_fa,309
37017_2#258_fa,307
36984_2#292_fa,253
37017_2#233_fa,312
36985_2#354_fa,269
36774_2#143_fa,255
48373_1#192_fa,364
48373_1#218_fa,285
46321_1#58_fa,407
36984_2#153_fa,288
38087_1#347_fa,259
36983_1#10_fa,283
36983_1#157_fa,265
37311_1#263_fa,286
36983_2#149_fa,279
36812_1#106_fa,316
36984_2#326_fa,593
36773_2#44_fa,452
36773_2#281_fa,529
36984_2#343_fa,263
36983_1#57_fa,352
36985_1#26_fa,283
38087_1#187_fa,366
46358_2#196_fa,577
46472_2#180_fa,385
36774_1#283_fa,334
36983_1#348_fa,322
36985_2#43_fa,412
36774_2#105_fa,308
36773_2#102_fa,280
36774_2#372_fa,322
36984_2#379_fa,381
38087_1#160_fa,359
38087_1#255_fa,253
36983_1#346_fa,255
36984_2#59_fa,391
36985_2#287_fa,341
46358_2#149_fa,444
37017_2#14_fa,259
46321_1#279_fa,348
46358_2#134_fa,311
36984_2#383_fa,254
36812_2#282_fa,281
46358_2#25_fa,271
36812_1#219_fa,284
37311_1#73_fa,327
36774_1#114_fa,296
37017_2#28_fa,259
36774_2#308_fa,281
46321_1#86_fa,335
46321_2#166_fa,475
36985_1#212_fa,280
48373_1#367_fa,314
36983_2#132_fa,275
37017_2#372_fa,451
36774_2#331_fa,376
46321_2#285_fa,299
36812_1#30_fa,278
36984_2#242_fa,259
36985_1#49_fa,263
36774_1#32_fa,263
36984_2#74_fa,259
36985_2#380_fa,340
36985_1#346_fa,336
36774_2#205_fa,264
46321_1#212_fa,280
36773_2#202_fa,385
36983_1#12_fa,311
36985_1#378_fa,270
36812_1#55_fa,265
36983_2#45_fa,259
36983_2#38_fa,280
37017_2#9_fa,267
36774_1#169_fa,487
36773_2#105_fa,531
36984_2#160_fa,346
37017_1#18_fa,267
36773_2#23_fa,321
36812_1#320_fa,302
46472_2#20_fa,253
36983_1#238_fa,359
36983_2#60_fa,397
48373_1#207_fa,278
36984_2#143_fa,489
36984_2#310_fa,262
36985_1#295_fa,270
37017_2#168_fa,253
38087_1#382_fa,388
36985_1#294_fa,327
36774_1#357_fa,311
36774_1#137_fa,301
36812_1#315_fa,307
36774_1#1_fa,267
36983_1#46_fa,413
37311_1#235_fa,315
37017_2#187_fa,377
36983_1#241_fa,292
36983_1#319_fa,252
36983_1#158_fa,431
37017_2#373_fa,398
36773_2#354_fa,321
36983_2#84_fa,262
36773_2#204_fa,494
36985_2#215_fa,300
36774_1#316_fa,289
36812_2#219_fa,269
36983_1#6_fa,256
36812_1#378_fa,260
36985_2#236_fa,441
37017_1#126_fa,398
36774_1#36_fa,260
36812_1#342_fa,280
36982_2#376_fa,283
36774_2#182_fa,530
36984_2#269_fa,521
36983_1#333_fa,296
36983_1#199_fa,255
36983_2#33_fa,517
36983_1#349_fa,315
36984_2#305_fa,304
36985_2#77_fa,252
48373_1#190_fa,367
46358_2#90_fa,394
36985_1#10_fa,252
36774_2#240_fa,291
36984_2#152_fa,334
36774_1#66_fa,284
36774_1#336_fa,263
36812_2#342_fa,377
38087_1#312_fa,326
36812_1#130_fa,356
36985_2#312_fa,263
37017_1#352_fa,392
36985_1#274_fa,283
36774_1#171_fa,302
37017_1#244_fa,313
36983_2#237_fa,411
48373_1#301_fa,255
36984_2#95_fa,393
46321_2#264_fa,336
46321_2#341_fa,394
36812_2#313_fa,280
46358_2#215_fa,259
36812_2#126_fa,311
36984_2#215_fa,300
37017_2#169_fa,348
38087_1#311_fa,327
36983_1#277_fa,325
37017_2#77_fa,263
38087_1#152_fa,277
37311_1#71_fa,435
36774_2#14_fa,260
48373_1#171_fa,255
36985_1#242_fa,314
48373_1#273_fa,274
36812_2#52_fa,398
36984_2#55_fa,259
36983_1#316_fa,314
37017_2#6_fa,269
36983_2#325_fa,286
48373_1#176_fa,273
46358_2#227_fa,475
36774_2#277_fa,261
36812_1#375_fa,255
36983_1#33_fa,309
48373_1#366_fa,253
36773_2#312_fa,330
48373_1#352_fa,268
36985_2#323_fa,332
46321_2#157_fa,582
36812_2#190_fa,270
46358_2#335_fa,252
36774_2#371_fa,274
36985_2#338_fa,359
37017_1#287_fa,306
36812_2#214_fa,427
36812_2#277_fa,259
36812_2#251_fa,293
36773_2#183_fa,263
36982_2#32_fa,326
36983_1#69_fa,399
36983_2#18_fa,265
36774_2#164_fa,265
36773_2#9_fa,304
36774_1#299_fa,313
38087_1#277_fa,327
36985_1#121_fa,253
37017_1#277_fa,317
36774_1#267_fa,288
38087_1#279_fa,265
46358_2#364_fa,282
36774_2#350_fa,308
36812_1#13_fa,374
46472_2#278_fa,569
36983_1#171_fa,270
36773_2#282_fa,254
36983_2#103_fa,290
38087_1#254_fa,371
46321_1#32_fa,475
38087_1#28_fa,292
37017_2#195_fa,253
36985_2#14_fa,283
36812_1#111_fa,308
48373_1#63_fa,557
36985_1#208_fa,375
36773_2#217_fa,306
36983_1#384_fa,307
36985_2#205_fa,283
36773_2#367_fa,490
36983_2#141_fa,255
36812_1#126_fa,259
36983_2#20_fa,290
36773_2#330_fa,257
37017_2#117_fa,267
46358_2#53_fa,272
36774_1#124_fa,260
36774_1#201_fa,280
36985_1#282_fa,255
38087_1#217_fa,436
36812_1#208_fa,270
36983_1#93_fa,259
36985_2#265_fa,440
36773_2#74_fa,417
36985_1#229_fa,259
36983_1#103_fa,260
48373_1#135_fa,320
36812_1#118_fa,281
36812_1#4_fa,359
48373_1#22_fa,257
36812_1#312_fa,280
46321_2#5_fa,259
36773_2#179_fa,264
36774_2#248_fa,453
46321_2#228_fa,402
46358_2#26_fa,260
48373_1#354_fa,261
36812_2#222_fa,325
48373_1#191_fa,258
36983_1#63_fa,273
36985_1#293_fa,299
36773_2#380_fa,375
37017_2#48_fa,275
46358_2#91_fa,507
37017_2#126_fa,340
36983_1#122_fa,348
36774_2#103_fa,267
36774_1#99_fa,386
36985_2#182_fa,371
36812_1#122_fa,252
48373_1#195_fa,378
36984_2#34_fa,265
37017_1#216_fa,266
36985_1#108_fa,316
46358_2#87_fa,348
36984_2#270_fa,259
36774_1#254_fa,260
36983_2#172_fa,253
36983_1#112_fa,312
36983_1#200_fa,299
36985_2#366_fa,440
36773_2#96_fa,263
36985_1#164_fa,284
46321_2#155_fa,583
36984_2#293_fa,312
36983_1#9_fa,447
48373_1#105_fa,275
36773_2#2_fa,281
36985_1#52_fa,376
48373_1#153_fa,338
36812_1#171_fa,277
36983_2#239_fa,381
48373_1#324_fa,261
36985_1#112_fa,514
36774_1#100_fa,253
36983_1#242_fa,388
36984_2#312_fa,279
36774_1#34_fa,259
36774_2#377_fa,376
36983_1#309_fa,276
46321_2#206_fa,289
36812_2#64_fa,263
36984_2#27_fa,292
36773_2#26_fa,252
36774_2#127_fa,278
46472_2#284_fa,311
36812_2#153_fa,261
36812_1#97_fa,270
36983_1#246_fa,257
36983_1#152_fa,312
36984_2#362_fa,437
37017_2#265_fa,293
36812_1#353_fa,523
36774_1#127_fa,329
36774_1#12_fa,253
36983_2#59_fa,311
36774_2#43_fa,264
36773_2#368_fa,277
36985_2#247_fa,331
38087_1#221_fa,325
36774_1#263_fa,288
37311_1#35_fa,415
36985_2#288_fa,267
46321_1#338_fa,585
36983_1#74_fa,253
37017_2#52_fa,265
36982_2#286_fa,341
37017_1#217_fa,310
36983_1#318_fa,259
36773_2#220_fa,262
36812_2#244_fa,279
36774_2#167_fa,304
36985_2#301_fa,260
36985_2#341_fa,266
36812_1#311_fa,430
36983_1#339_fa,263
36983_2#211_fa,276
36984_2#200_fa,391
48373_1#182_fa,260
36985_1#384_fa,259
36983_2#371_fa,253
46321_2#270_fa,259
38087_1#114_fa,331
36773_2#234_fa,529
36985_2#235_fa,374
46472_2#286_fa,266
36774_2#203_fa,289
36982_2#118_fa,284
36983_2#97_fa,252
48373_1#217_fa,258
36812_1#23_fa,483
36774_1#5_fa,309
48373_1#65_fa,468
36774_2#174_fa,260
36812_1#109_fa,252
48373_1#4_fa,562
36983_1#194_fa,326
36983_1#225_fa,480
36812_1#178_fa,252
36774_1#248_fa,259
46321_2#106_fa,394
37017_2#235_fa,276
36774_2#368_fa,332
38087_1#155_fa,261
36812_1#9_fa,307
36985_1#156_fa,275
36774_1#360_fa,430
37017_2#209_fa,288
36774_2#316_fa,376
48373_1#80_fa,337
36812_1#220_fa,256
46358_2#192_fa,335
36983_1#222_fa,290
36985_2#18_fa,252
38087_1#276_fa,379
46321_2#244_fa,269
36774_2#8_fa,308
36985_1#82_fa,252
36812_2#191_fa,381
36812_2#182_fa,379
46472_2#367_fa,335
36812_2#283_fa,553
46321_2#243_fa,302
36812_2#62_fa,252
36985_1#299_fa,455
46321_1#350_fa,266
48373_1#309_fa,260
36983_2#154_fa,345
36985_2#381_fa,259
46321_2#284_fa,282
46358_2#148_fa,506
37017_1#315_fa,315
36812_1#249_fa,449
36985_1#43_fa,259
36983_1#205_fa,258
36984_2#221_fa,259
37017_2#284_fa,360
37017_2#201_fa,305
48373_1#257_fa,434
36774_2#77_fa,376
36983_1#100_fa,267
36983_2#224_fa,343
36985_1#36_fa,290
36985_2#109_fa,326
36983_1#123_fa,318
36774_1#110_fa,308
48373_1#168_fa,258
46358_2#204_fa,421
46358_2#32_fa,506
37017_2#55_fa,267
46321_2#48_fa,261
36774_1#145_fa,261
36984_2#135_fa,447
46358_2#161_fa,422
37017_2#79_fa,265
36983_2#37_fa,448
37017_2#352_fa,252
36774_2#135_fa,276
36812_1#205_fa,268
36773_2#313_fa,264
36774_2#123_fa,329
36774_2#133_fa,317
48373_1#222_fa,271
36985_2#162_fa,384
36983_1#255_fa,330
46321_2#36_fa,474
46358_2#209_fa,287
36983_2#74_fa,253
37017_2#160_fa,255
38087_1#146_fa,255
36984_2#368_fa,290
36774_1#192_fa,277
37017_2#121_fa,253
36812_1#338_fa,324
38087_1#285_fa,383
37017_2#150_fa,258
36812_1#357_fa,259
36983_1#323_fa,252
36983_1#215_fa,289
36985_1#223_fa,519
37017_2#47_fa,261
46358_2#156_fa,274
36983_1#128_fa,252
48373_1#279_fa,310
36983_1#244_fa,314
36983_1#154_fa,262
36983_1#359_fa,277
36983_2#83_fa,266
36985_2#360_fa,323
36774_2#242_fa,404
38087_1#350_fa,265
36812_1#154_fa,277
36812_1#383_fa,260
36985_1#248_fa,253
48373_1#26_fa,337
37017_2#44_fa,265
36985_1#249_fa,263
36773_2#227_fa,281
36812_2#347_fa,340
36774_2#118_fa,412
46358_2#128_fa,280
46358_2#84_fa,361
36985_2#272_fa,252
37017_2#223_fa,277
36985_2#168_fa,284
36774_1#365_fa,369
36985_1#289_fa,290
36984_2#197_fa,312
36985_2#81_fa,397
36812_1#176_fa,267
36983_2#100_fa,255
36773_2#3_fa,252
36984_2#109_fa,252
36774_1#160_fa,414
38087_1#32_fa,301
36985_2#139_fa,263
36985_2#160_fa,305
36773_2#41_fa,404
36985_1#256_fa,288
37017_2#106_fa,268
36774_1#376_fa,399
36983_2#123_fa,276
46358_2#75_fa,282
38087_1#318_fa,289
36985_1#272_fa,270
36983_1#40_fa,253
46321_2#57_fa,421
48373_1#88_fa,273
36983_1#227_fa,284
36774_2#156_fa,291
36983_2#129_fa,312
36985_1#136_fa,276
36983_2#283_fa,255
36985_1#349_fa,277
36774_1#374_fa,258
36984_2#304_fa,302
48373_1#38_fa,363
36985_2#281_fa,253
38087_1#122_fa,360
37017_2#145_fa,260
36983_1#304_fa,383
48373_1#307_fa,373
36774_1#202_fa,342
36812_1#27_fa,279
46358_2#6_fa,334
48373_1#346_fa,268
48373_1#241_fa,373
37017_2#37_fa,275
37311_1#163_fa,366
36774_2#275_fa,254
36982_2#310_fa,265
46472_2#92_fa,568
37017_2#63_fa,253
37311_1#265_fa,259
48373_1#193_fa,314
36774_1#351_fa,284
37017_1#339_fa,299
46472_2#62_fa,476
36774_1#141_fa,252
36985_2#227_fa,280
38087_1#209_fa,339
36983_1#340_fa,266
36985_1#319_fa,291
36774_1#269_fa,383
36774_2#160_fa,377
36773_2#48_fa,381
37017_2#311_fa,269
36984_2#1_fa,253
36983_2#357_fa,270
37017_1#253_fa,263
36774_1#367_fa,525
36984_2#57_fa,276
36985_1#84_fa,455
37017_2#227_fa,349
36774_2#154_fa,354
46358_2#177_fa,262
46358_2#16_fa,266
36985_2#191_fa,299
36983_2#107_fa,323
36773_2#119_fa,269
37017_2#196_fa,261
46358_2#371_fa,375
36985_2#118_fa,377
36983_1#336_fa,267
36812_1#65_fa,349
36983_2#280_fa,259
36985_1#81_fa,253
36983_2#147_fa,278
48373_1#200_fa,495
36773_2#71_fa,362
36985_1#25_fa,339
48373_1#347_fa,355
36985_2#267_fa,305
36774_1#60_fa,370
37017_1#219_fa,317
37017_1#90_fa,260
36812_1#337_fa,404
36812_1#344_fa,253
36812_1#142_fa,307
36985_1#71_fa,283
36812_1#233_fa,265
37017_2#2_fa,273
36812_1#256_fa,271
36985_2#197_fa,305
36983_2#207_fa,252
36812_2#373_fa,261
46358_2#173_fa,335
36983_2#216_fa,312
37017_2#164_fa,286
46358_2#7_fa,266
48373_1#23_fa,261
36773_2#36_fa,321
36812_2#92_fa,360
36773_2#248_fa,283
37017_2#244_fa,253
36774_2#369_fa,312
36984_2#214_fa,312
36812_1#335_fa,293
36773_2#369_fa,283
36812_1#143_fa,297
36812_1#225_fa,293
36983_2#274_fa,280
37017_2#1_fa,252
36985_2#291_fa,280
37017_2#61_fa,259
46358_2#195_fa,335
36812_1#190_fa,252
36984_2#155_fa,253
37017_2#112_fa,324
36985_2#49_fa,252
36984_2#213_fa,267
36985_1#283_fa,340
36985_1#206_fa,305
36774_1#289_fa,383
36773_2#29_fa,261
36985_2#59_fa,263
46321_1#186_fa,327
36985_2#84_fa,313
36982_2#52_fa,484
38087_1#305_fa,259
36983_2#351_fa,268
36774_1#318_fa,438
37017_1#373_fa,353
36985_2#16_fa,291
36985_2#91_fa,278
48373_1#81_fa,262
36983_1#232_fa,269
36983_1#32_fa,403
36984_2#92_fa,260
36983_2#328_fa,252
46321_1#296_fa,255
36773_2#249_fa,288
36983_1#382_fa,391
36985_1#182_fa,284
36985_2#340_fa,267
37017_2#370_fa,255
46358_2#230_fa,257
36812_1#14_fa,263
36812_1#318_fa,288
36983_2#151_fa,269
36774_2#40_fa,342
38087_1#343_fa,302
48373_1#239_fa,357
36774_1#321_fa,252
36773_2#323_fa,439
36774_2#175_fa,293
46321_2#283_fa,253
36983_1#37_fa,267
36983_1#289_fa,340
36985_2#324_fa,272
36812_1#174_fa,292
37017_1#383_fa,376
36774_2#373_fa,305
36774_1#65_fa,281
36984_2#172_fa,254
37017_2#280_fa,257
36812_1#82_fa,263
36774_1#231_fa,304
36812_1#377_fa,366
36774_1#348_fa,267
48373_1#325_fa,544
36985_1#22_fa,265
48373_1#242_fa,262
36774_1#257_fa,311
36773_2#262_fa,494
36773_2#25_fa,270
36812_1#32_fa,324
36983_1#335_fa,345
36983_1#367_fa,292
36985_1#14_fa,280
36774_1#9_fa,488
46321_2#286_fa,336
36773_2#322_fa,332
48373_1#55_fa,254
48373_1#129_fa,378
48373_1#262_fa,324
36983_2#47_fa,252
36983_1#343_fa,382
36812_1#274_fa,600
36983_2#27_fa,291
36984_2#89_fa,382
36984_2#91_fa,309
36985_2#136_fa,257
36985_2#1_fa,255
36812_1#336_fa,291
37017_1#245_fa,349
38087_1#179_fa,261
36774_1#214_fa,268
36774_1#29_fa,331
36774_2#381_fa,442
36983_1#130_fa,253
36774_1#179_fa,281
36812_1#271_fa,255
36774_2#256_fa,374
48373_1#25_fa,258
46358_2#50_fa,304
36983_1#206_fa,424
36985_1#51_fa,328
36985_2#67_fa,263
37017_2#281_fa,281
36812_1#384_fa,258
36773_2#263_fa,254
36985_1#267_fa,376
36985_2#39_fa,366
36812_2#159_fa,309
36982_2#184_fa,265
36774_2#305_fa,370
36774_2#36_fa,273
48373_1#39_fa,337
46358_2#176_fa,262
46358_2#96_fa,262
48373_1#215_fa,355
36985_2#195_fa,263
36812_2#26_fa,276
36774_2#243_fa,261
36774_2#84_fa,431
36774_1#121_fa,329
36984_2#296_fa,280
36774_1#327_fa,486
37017_2#89_fa,587
46358_2#333_fa,255
36774_1#246_fa,261
36985_2#186_fa,301
36774_2#58_fa,503
37017_2#282_fa,253
46321_2#226_fa,351
36812_2#377_fa,460
37017_2#85_fa,296
38087_1#308_fa,281
46321_2#382_fa,404
36774_1#250_fa,288
36982_2#148_fa,299
36983_1#7_fa,278
36774_1#78_fa,328
36773_2#129_fa,264
46321_1#192_fa,254
36984_2#229_fa,379
36983_2#195_fa,329
46321_1#318_fa,325
36984_2#306_fa,336
36774_1#152_fa,269
36985_2#82_fa,278
46358_2#56_fa,302
46472_2#374_fa,272
36984_2#319_fa,304
48373_1#20_fa,367
36983_1#144_fa,288
36773_2#376_fa,306
36774_1#185_fa,284
36985_1#329_fa,436
36812_1#167_fa,288
36773_2#333_fa,287
36774_1#6_fa,393
48373_1#11_fa,257
36983_2#179_fa,304
36774_1#22_fa,284
36985_2#156_fa,263
36983_1#293_fa,334
36773_2#364_fa,298
36812_1#277_fa,352
37017_2#185_fa,279
36983_2#316_fa,275
46358_2#351_fa,272
36983_1#115_fa,452
36985_2#173_fa,331
36984_2#111_fa,295
36774_1#244_fa,280
46358_2#22_fa,471
36982_2#372_fa,252
36773_2#184_fa,270
36773_2#123_fa,354
36983_1#176_fa,253
36985_1#324_fa,267
36985_1#257_fa,270
38087_1#275_fa,315
36774_1#378_fa,255
36774_2#176_fa,487
36983_2#335_fa,311
46472_2#90_fa,260
46472_2#368_fa,329
37017_1#275_fa,260
37017_2#34_fa,252
36774_1#344_fa,342
46321_1#280_fa,280
46358_2#124_fa,262
37017_1#306_fa,306
36985_1#215_fa,253
36985_2#148_fa,279
46321_1#360_fa,257
37017_2#152_fa,309
36774_1#218_fa,284
36773_2#188_fa,304
36774_2#35_fa,301
36984_2#370_fa,253
37017_2#13_fa,269
46321_2#242_fa,254
36774_2#334_fa,264
36983_1#285_fa,292
48373_1#283_fa,274
37311_1#99_fa,437
36983_1#257_fa,286
46358_2#203_fa,512
36985_2#190_fa,284
36985_1#16_fa,301
36773_2#85_fa,343
36982_2#180_fa,255
36984_2#295_fa,263
36812_1#300_fa,257
48373_1#350_fa,257
36774_2#209_fa,289
36983_2#297_fa,255
38087_1#30_fa,252
37017_2#381_fa,312
36774_1#98_fa,315
36984_2#182_fa,252
48373_1#361_fa,262
36983_2#145_fa,329
37017_2#304_fa,259
46358_2#186_fa,260
46321_2#251_fa,286
36985_2#95_fa,275
37017_1#349_fa,316
46358_2#368_fa,302
36774_2#285_fa,284
36774_1#46_fa,259
36982_2#212_fa,403
36812_1#366_fa,313
36774_1#123_fa,253
36985_2#258_fa,284
36773_2#231_fa,440
46358_2#255_fa,282
36983_1#67_fa,295
46321_2#15_fa,260
36812_1#270_fa,381
36983_2#39_fa,312
36985_2#210_fa,284
36985_2#34_fa,309
37017_2#229_fa,322
37017_2#243_fa,263
36984_2#150_fa,384
36812_2#213_fa,378
36984_2#168_fa,323
48373_1#328_fa,262
36983_2#113_fa,265
37017_2#256_fa,277
37017_2#7_fa,293
36774_2#163_fa,361
36773_2#353_fa,417
46358_2#281_fa,305
37017_2#346_fa,257
36774_1#270_fa,375
36983_1#183_fa,316
46358_2#345_fa,336
36774_2#119_fa,276
36983_1#356_fa,286
36812_2#248_fa,296
36983_2#77_fa,397
38087_1#211_fa,298
37017_2#230_fa,265
36983_2#299_fa,334
36774_2#69_fa,254
36774_2#128_fa,261
37311_1#131_fa,261
36773_2#199_fa,322
36983_2#307_fa,281
36983_2#43_fa,276
36983_1#347_fa,265
36983_1#118_fa,256
46321_1#358_fa,263
36984_2#279_fa,292
36984_2#315_fa,435
37017_1#184_fa,255
37017_2#360_fa,252
36774_1#165_fa,374
46358_2#178_fa,306
36773_2#254_fa,418
46321_2#138_fa,268
36773_2#138_fa,253
38087_1#218_fa,265
36985_1#103_fa,255
36774_1#305_fa,281
46321_1#53_fa,282
36773_2#115_fa,274
36985_1#286_fa,340
36985_2#174_fa,261
36985_2#26_fa,267
36774_2#198_fa,268
36985_2#38_fa,302
37017_2#279_fa,293
36985_1#91_fa,428
36812_1#222_fa,257
46358_2#23_fa,268
46358_2#52_fa,269
46321_1#180_fa,378
46321_1#320_fa,276
36983_1#291_fa,383
36985_1#18_fa,265
36985_2#300_fa,263
36983_2#235_fa,293
37017_2#226_fa,435
36774_2#306_fa,430
37017_1#316_fa,258
36983_2#51_fa,448
36774_1#265_fa,413
36812_2#346_fa,375
36985_1#130_fa,288
48373_1#288_fa,255
36984_2#299_fa,267
36812_1#194_fa,369
37311_1#239_fa,265
38087_1#380_fa,415
36812_1#15_fa,352
36985_1#371_fa,331
36984_2#232_fa,277
36812_1#59_fa,258
46358_2#307_fa,263
48373_1#296_fa,363
36985_2#248_fa,263
48373_1#69_fa,257
48373_1#282_fa,299
46358_2#29_fa,508
36812_1#62_fa,291
48373_1#67_fa,326
36773_2#355_fa,401
46358_2#359_fa,378
37017_2#81_fa,286
48373_1#49_fa,261
36773_2#258_fa,353
46358_2#108_fa,267
37017_2#316_fa,293
36983_1#181_fa,259
46321_1#220_fa,335
36984_2#17_fa,290
37017_2#312_fa,400
38087_1#157_fa,280
36812_1#45_fa,291
36985_2#232_fa,418
48373_1#101_fa,461
46358_2#302_fa,378
38087_1#243_fa,282
36773_2#340_fa,391
36774_2#250_fa,256
46321_1#83_fa,307
46321_2#161_fa,298
48373_1#127_fa,260
36983_1#373_fa,269
36984_2#158_fa,286
37017_2#371_fa,257
36774_1#379_fa,252
36774_2#197_fa,270
36773_2#161_fa,454
36773_2#339_fa,287
36774_2#341_fa,260
37017_2#42_fa,309
36984_2#45_fa,255
46358_2#304_fa,262
48373_1#52_fa,416
46358_2#243_fa,283
48373_1#304_fa,320
36985_2#120_fa,264
37017_2#211_fa,295
36774_2#62_fa,418
46358_2#111_fa,579
46358_2#298_fa,473
36982_2#152_fa,361
37311_1#165_fa,313
36773_2#346_fa,268
36773_2#264_fa,393
36983_1#159_fa,386
36812_1#127_fa,412
48373_1#147_fa,273
46321_1#300_fa,354
36983_1#311_fa,253
36983_1#70_fa,291
36985_2#311_fa,290
36774_1#56_fa,603
36983_2#108_fa,255
36985_2#121_fa,330
36774_1#4_fa,289
36983_1#13_fa,352
37017_2#246_fa,252
46358_2#313_fa,472
46358_2#181_fa,304
46321_2#230_fa,336
36812_1#57_fa,259
36985_1#374_fa,281
36985_2#70_fa,284
36774_1#35_fa,426
36774_2#228_fa,266
48373_1#113_fa,547
37822_1#23_fa,261
37311_1#43_fa,307
48373_1#57_fa,355
36812_1#52_fa,341
48373_1#287_fa,255
48373_1#365_fa,261
37017_2#333_fa,511
36984_2#56_fa,293
36983_1#72_fa,257
36983_2#120_fa,500
36985_1#252_fa,340
37017_2#142_fa,293
36984_2#243_fa,381
36812_2#369_fa,263
46321_1#324_fa,272
36984_2#186_fa,257
36773_2#111_fa,295
36774_2#278_fa,342
36985_2#343_fa,266
36985_2#97_fa,321
36812_2#160_fa,449
48373_1#99_fa,257
46358_2#126_fa,298
36982_2#382_fa,271
36985_1#368_fa,425
36985_2#176_fa,436
37311_1#75_fa,253
36984_2#90_fa,300
37017_2#262_fa,388
48373_1#54_fa,364
37311_1#79_fa,277
36812_1#333_fa,425
38087_1#188_fa,260
36774_2#186_fa,293
37311_1#9_fa,259
46321_2#316_fa,301
38087_1#181_fa,307
48373_1#8_fa,272
36773_2#45_fa,286
48373_1#364_fa,309
36983_1#149_fa,253
46321_2#345_fa,262
36983_2#359_fa,321
36984_2#352_fa,392
36774_2#19_fa,277
46472_2#285_fa,265
46321_2#12_fa,278
46358_2#232_fa,385
48373_1#116_fa,286
36774_2#320_fa,281
36983_1#137_fa,259
36982_2#348_fa,339
36985_1#155_fa,255
37017_2#154_fa,269
46321_2#7_fa,323
36985_2#126_fa,293
36985_1#370_fa,414
36774_1#280_fa,311
46321_2#216_fa,259
46472_2#310_fa,255
36774_2#57_fa,276
46472_2#126_fa,274
36812_1#147_fa,330
36985_1#95_fa,257
48373_1#206_fa,264
36985_1#6_fa,253
36983_2#294_fa,382
46321_1#326_fa,349
46321_1#160_fa,269
46358_2#118_fa,293
46472_2#187_fa,266
48373_1#141_fa,461
36773_2#125_fa,310
36983_1#168_fa,259
36984_2#6_fa,254
36985_1#342_fa,321
36985_2#187_fa,265
36773_2#293_fa,268
36985_2#78_fa,270
37017_2#324_fa,302
36774_2#29_fa,284
36984_2#173_fa,279
37017_1#282_fa,295
36985_1#288_fa,281
37017_2#124_fa,312
36983_2#223_fa,282
37017_2#130_fa,332
36984_2#369_fa,267
36773_2#165_fa,392
36985_1#137_fa,302
36774_2#352_fa,252
36985_1#174_fa,290
48373_1#30_fa,339
36812_1#358_fa,312
37017_2#210_fa,268
36774_1#382_fa,254
36985_2#159_fa,403
37311_1#297_fa,268
36985_2#379_fa,259
36984_2#273_fa,261
36774_1#242_fa,486
37017_2#5_fa,478
46358_2#171_fa,327
36773_2#279_fa,326
37017_2#310_fa,323
36985_2#184_fa,263
36812_1#214_fa,318
36812_1#371_fa,259
36983_1#79_fa,267
36774_2#249_fa,254
37017_2#288_fa,323
48373_1#42_fa,262
36812_1#160_fa,305
46472_2#24_fa,270
36983_2#193_fa,257
36985_2#268_fa,263
36985_2#283_fa,284
36985_1#296_fa,334
36773_2#11_fa,270
36812_1#60_fa,253
37822_1#27_fa,306
36774_2#71_fa,428
36774_1#103_fa,343
36774_2#218_fa,269
48373_1#172_fa,310
36983_1#306_fa,403
37017_1#96_fa,345
37017_1#342_fa,260
46321_2#16_fa,280
36983_2#118_fa,339
36983_2#258_fa,317
46321_2#190_fa,335
36985_1#323_fa,291
36984_2#119_fa,266
37017_2#200_fa,257
36774_1#366_fa,255
48373_1#179_fa,364
36812_1#107_fa,252
36983_1#298_fa,309
48373_1#322_fa,294
36774_1#30_fa,292
37017_1#64_fa,284
36774_2#136_fa,452
36812_1#347_fa,255
36774_2#187_fa,277
36812_1#37_fa,329
36983_2#312_fa,290
37017_2#335_fa,314
36773_2#163_fa,307
36983_2#189_fa,292
36983_1#15_fa,411
46358_2#133_fa,285
36774_2#200_fa,283
36983_1#164_fa,346
36774_2#328_fa,413
36985_1#351_fa,259
36985_1#317_fa,272
36812_1#373_fa,260
36773_2#335_fa,381
36812_1#247_fa,270
36774_2#257_fa,259
48373_1#166_fa,260
36983_2#15_fa,289
46321_1#216_fa,262
37017_1#221_fa,264
48373_1#339_fa,264
36774_2#165_fa,289
36983_1#148_fa,292
36983_2#86_fa,269
36985_1#60_fa,336
36985_2#333_fa,442
38087_1#159_fa,404
48373_1#326_fa,434
37017_2#260_fa,415
37017_2#254_fa,382
36812_2#255_fa,257
36773_2#232_fa,259
36774_2#263_fa,331
48373_1#73_fa,257
46472_2#148_fa,270
36983_1#18_fa,311
38087_1#90_fa,268
48373_1#15_fa,260
48373_1#110_fa,261
36985_1#373_fa,340
46358_2#55_fa,305
36773_2#170_fa,282
36773_2#82_fa,377
36773_2#273_fa,260
36774_2#376_fa,270
48373_1#290_fa,363
36985_2#92_fa,270
37311_1#45_fa,302
37017_2#116_fa,281
48373_1#157_fa,372
46358_2#339_fa,262
37311_1#193_fa,436
36812_1#25_fa,295
36985_2#275_fa,330
36983_1#75_fa,400
36983_1#27_fa,265
36812_1#368_fa,252
46321_2#117_fa,422
48373_1#7_fa,279
36985_2#239_fa,296
46358_2#362_fa,255
46358_2#48_fa,443
36774_2#116_fa,387
37017_2#349_fa,329
36985_1#207_fa,328
36983_2#226_fa,290
36985_1#281_fa,257
36773_2#192_fa,353
36983_1#142_fa,346
36774_2#272_fa,336
36985_2#349_fa,275
46358_2#4_fa,261
36812_1#298_fa,330
36774_1#83_fa,426
36985_1#35_fa,268
36985_2#326_fa,425
36982_2#82_fa,262
36985_2#153_fa,268
36812_2#383_fa,281
36985_1#225_fa,269
46321_2#200_fa,275
36773_2#366_fa,305
37017_1#210_fa,262
36774_2#146_fa,404
48373_1#146_fa,285
36985_2#100_fa,315
48373_1#221_fa,300
36812_2#250_fa,259
36985_1#358_fa,252
48373_1#311_fa,358
36985_1#143_fa,331
48373_1#197_fa,363
36983_2#322_fa,334
36984_2#241_fa,253
38087_1#118_fa,277
36984_2#341_fa,263
36983_1#344_fa,369
37017_2#329_fa,253
36983_1#106_fa,259
46358_2#140_fa,306
36774_2#63_fa,270
48373_1#194_fa,355
36985_1#300_fa,302
36983_1#212_fa,259
36985_2#20_fa,309
36985_2#216_fa,470
38087_1#375_fa,268
46321_2#202_fa,268
36812_1#150_fa,360
36984_2#36_fa,290
36985_2#298_fa,267
37017_2#167_fa,360
48373_1#61_fa,320
37311_1#15_fa,339
36773_2#374_fa,268
46321_1#222_fa,518
38087_1#185_fa,334
37017_2#97_fa,258
36983_1#213_fa,253
36985_1#85_fa,263
36984_2#244_fa,383
37017_1#50_fa,265
38087_1#369_fa,253
48373_1#37_fa,560
36983_1#11_fa,275
36984_2#338_fa,304
36985_2#88_fa,266
36983_1#165_fa,266
36983_1#245_fa,277
36985_2#269_fa,336
36812_1#124_fa,263
36985_1#352_fa,259
46358_2#24_fa,423
36812_1#186_fa,329
36812_2#241_fa,283
36774_1#341_fa,293
36774_2#222_fa,376
36774_1#101_fa,263
36983_1#249_fa,276
36774_1#70_fa,315
36985_1#27_fa,345
36774_1#196_fa,252
37017_2#132_fa,345
46358_2#139_fa,394
36774_2#229_fa,295
36812_1#199_fa,280
36983_2#126_fa,288
36812_1#364_fa,313
36985_2#369_fa,328
37017_2#35_fa,292
36812_1#125_fa,275
36812_2#212_fa,261
36983_1#207_fa,288
36984_2#187_fa,255
36773_2#83_fa,460
36985_2#304_fa,263
36774_1#131_fa,259
36774_2#297_fa,297
46321_2#357_fa,259
36812_1#94_fa,427
36985_2#266_fa,252
36985_2#358_fa,253
48373_1#344_fa,261
36773_2#38_fa,261
36985_2#110_fa,275
36985_2#36_fa,414
36983_1#62_fa,259
36774_1#74_fa,283
37017_2#306_fa,259
37017_2#338_fa,387
36812_1#193_fa,263
36983_2#198_fa,253
36774_1#222_fa,268
48373_1#313_fa,255
46358_2#162_fa,270
48373_1#226_fa,253
36774_2#64_fa,301
37017_2#354_fa,253
36812_2#349_fa,252
36984_2#125_fa,275
36774_1#206_fa,349
36774_2#236_fa,324
37017_2#336_fa,327
46472_2#32_fa,471
46321_2#220_fa,260
46321_1#254_fa,477
46321_2#153_fa,309
36983_2#275_fa,286
38087_1#317_fa,362
37017_2#171_fa,301
36774_1#343_fa,268
36984_2#122_fa,265
46358_2#54_fa,262
37017_2#317_fa,273
36985_2#249_fa,479
36774_1#370_fa,283
36774_1#342_fa,253
36985_1#357_fa,343
36985_1#46_fa,310
36984_2#138_fa,259
37017_2#41_fa,278
37311_1#207_fa,479
36985_2#271_fa,268
36983_1#297_fa,301
36774_1#102_fa,259
37017_2#255_fa,259
36812_1#155_fa,304
36774_2#221_fa,253
36983_1#110_fa,284
36983_1#237_fa,255
36984_2#28_fa,259
36984_2#268_fa,257
36773_2#57_fa,376
36774_2#38_fa,359
36812_1#232_fa,284
48373_1#240_fa,400
36812_1#305_fa,439
36985_1#59_fa,296
36774_2#378_fa,281
36983_2#234_fa,286
36985_2#373_fa,257
46358_2#174_fa,326
36984_2#239_fa,339
37017_2#299_fa,304
36984_2#349_fa,302
36985_1#176_fa,342
36985_1#333_fa,386
37017_2#131_fa,589
36774_1#163_fa,317
36773_2#131_fa,286
36983_1#54_fa,253
36985_1#161_fa,255
36812_1#294_fa,352
36983_1#136_fa,257
36983_2#109_fa,269
36983_1#197_fa,326
48373_1#119_fa,432
36773_2#66_fa,292
37017_2#103_fa,334
36773_2#87_fa,322
37017_2#219_fa,278
37311_1#295_fa,257
36983_1#320_fa,297
36983_1#354_fa,275
46358_2#136_fa,411
36983_2#7_fa,340
36983_2#50_fa,516
48373_1#263_fa,294
36984_2#149_fa,383
36774_2#88_fa,270
36984_2#80_fa,315
36985_2#56_fa,280
36773_2#341_fa,386
48373_1#265_fa,566
36982_2#92_fa,322
36983_1#363_fa,268
36985_1#261_fa,444
48373_1#243_fa,258
46321_1#59_fa,255
48373_1#2_fa,261
36774_1#313_fa,259
37017_2#96_fa,253
36812_1#50_fa,277
36983_2#273_fa,290
36983_2#161_fa,297
36983_2#44_fa,259
38087_1#338_fa,266
37017_1#54_fa,282
36984_2#127_fa,346
36985_1#4_fa,293
36985_1#109_fa,375
36773_2#265_fa,283
36983_1#195_fa,297
36983_2#159_fa,277
36983_2#29_fa,257
37017_2#27_fa,361
36983_2#10_fa,427
36985_2#317_fa,284
36983_2#181_fa,406
36985_1#269_fa,313
36985_2#138_fa,266
37017_1#305_fa,289
36983_1#138_fa,428
36812_1#168_fa,313
36983_2#144_fa,253
48373_1#248_fa,365
48373_1#163_fa,261
37017_2#102_fa,359
36773_2#28_fa,325
36983_1#223_fa,296
36983_1#288_fa,263
48373_1#126_fa,257
36812_1#44_fa,260
36983_2#127_fa,267
36773_2#308_fa,278
36983_2#28_fa,301
46358_2#120_fa,325
36983_2#373_fa,255
37017_2#313_fa,253
46321_2#145_fa,305
37017_1#86_fa,283
37017_1#56_fa,316
36984_2#335_fa,345
36983_2#324_fa,266
36773_2#365_fa,256
36773_2#81_fa,427
36774_1#67_fa,260
36983_1#287_fa,267
37017_2#277_fa,451
36983_1#259_fa,360
36812_1#102_fa,311
36985_1#265_fa,448
37017_2#334_fa,435
36985_2#308_fa,252
48373_1#302_fa,255
36984_2#325_fa,288
36773_2#351_fa,322
36985_1#216_fa,306
37017_1#248_fa,292
36984_2#231_fa,329
36774_2#283_fa,252
36982_2#320_fa,255
46321_1#214_fa,259
36774_2#367_fa,265
36773_2#19_fa,297
46358_2#104_fa,298
36983_1#36_fa,356
36985_1#102_fa,288
36812_1#354_fa,524
46358_2#92_fa,298
36812_2#122_fa,325
36773_2#61_fa,269
36774_2#72_fa,346
36774_2#142_fa,259
36984_2#181_fa,259
36812_1#267_fa,291
36983_1#20_fa,392
36812_2#317_fa,275
36983_2#157_fa,279
36774_2#191_fa,350
36983_2#41_fa,353
36985_1#235_fa,302
46358_2#151_fa,267
46358_2#197_fa,348
36985_2#285_fa,384
36985_1#62_fa,257
36985_1#339_fa,292
46358_2#184_fa,306
46358_2#379_fa,272
48373_1#203_fa,272
36984_2#320_fa,268
36983_2#133_fa,293
36984_2#49_fa,253
36774_1#186_fa,331
36983_1#126_fa,252
36774_1#80_fa,315
36812_1#187_fa,444
48373_1#134_fa,262
48373_1#43_fa,261
46321_2#317_fa,276
46358_2#315_fa,360
36984_2#47_fa,322
38087_1#307_fa,279
38087_1#310_fa,411
36774_2#15_fa,284
36812_1#279_fa,284
36774_2#28_fa,312
36983_2#69_fa,253
37017_2#309_fa,265
36983_2#63_fa,291
36982_2#22_fa,288
36983_2#31_fa,327
37311_1#229_fa,252
36985_2#47_fa,590
36773_2#266_fa,270
36773_2#177_fa,316
36985_2#234_fa,252
48373_1#3_fa,380
36773_2#302_fa,270
46358_2#377_fa,299
36774_2#215_fa,278
36773_2#118_fa,295
36773_2#336_fa,267
37017_2#326_fa,352
36774_2#107_fa,276
48373_1#131_fa,260
36773_2#90_fa,318
36985_2#98_fa,254
46321_2#38_fa,305
36983_1#380_fa,255
48373_1#223_fa,257
36984_2#208_fa,290
36983_2#285_fa,254
36773_2#39_fa,264
36812_1#343_fa,311
38087_1#246_fa,277
36983_1#108_fa,343
48373_1#260_fa,255
36774_2#25_fa,270
36984_2#300_fa,383
36773_2#349_fa,393
36774_2#216_fa,314
36985_1#80_fa,308
36983_2#367_fa,276
36774_2#211_fa,254
36812_2#28_fa,521
37017_2#242_fa,323
46321_2#239_fa,335
46321_2#232_fa,262
37017_2#274_fa,387
36982_2#250_fa,273
36983_2#314_fa,290
36773_2#342_fa,282
36985_2#128_fa,254
36774_2#342_fa,317
38087_1#256_fa,282
48373_1#167_fa,300
36985_2#363_fa,263
36984_2#19_fa,255
37017_1#288_fa,318
36774_2#94_fa,524
36985_2#45_fa,269
36774_1#54_fa,322
36983_1#68_fa,255
36983_2#250_fa,257
36812_1#248_fa,257
36774_1#211_fa,604
36985_1#69_fa,253
46358_2#99_fa,335
36984_2#96_fa,289
37017_2#286_fa,268
36774_2#47_fa,259
48373_1#174_fa,319
36773_2#271_fa,341
36985_1#30_fa,265
36985_2#99_fa,253
36984_2#380_fa,275
36984_2#198_fa,304
37017_2#183_fa,377
36774_1#161_fa,313
36774_2#9_fa,483
36774_2#217_fa,281
36982_2#84_fa,262
48373_1#230_fa,416
36983_1#279_fa,313
36983_2#368_fa,382
36773_2#283_fa,322
36983_2#176_fa,253
36985_1#8_fa,297
36812_1#132_fa,311
36983_2#155_fa,277
38087_1#212_fa,252
36983_1#143_fa,259
36983_2#366_fa,265
36984_2#322_fa,255
48373_1#264_fa,497
36774_1#279_fa,253
36812_1#195_fa,260
36774_1#346_fa,269
36985_1#221_fa,414
46321_2#108_fa,385
36812_1#36_fa,261
36773_2#360_fa,273
36774_2#6_fa,527
48373_1#124_fa,261
48373_1#337_fa,255
36984_2#3_fa,451
36985_2#218_fa,253
38087_1#241_fa,480
36812_1#139_fa,392
48373_1#284_fa,438
36985_1#340_fa,268
36985_2#181_fa,292
37017_1#120_fa,263
36774_2#141_fa,264
36985_2#165_fa,279
36774_2#208_fa,353
36774_1#155_fa,252
37017_1#116_fa,253
48373_1#1_fa,287
36774_1#42_fa,258
36774_2#32_fa,289
36983_2#58_fa,304
36983_1#41_fa,346
36984_2#253_fa,314
36773_2#244_fa,254
36812_2#90_fa,291
36984_2#234_fa,315
48373_1#331_fa,294
36774_1#122_fa,307
36984_2#102_fa,252
36812_2#273_fa,369
36983_2#303_fa,424
37017_2#380_fa,317
48373_1#108_fa,433
36983_2#251_fa,278
36774_2#232_fa,308
36774_2#121_fa,257
48373_1#89_fa,324
48373_1#211_fa,373
37311_1#299_fa,341
36812_1#228_fa,277
36984_2#318_fa,257
36985_1#263_fa,284
36982_2#278_fa,271
36774_2#280_fa,264
36984_2#151_fa,261
36982_2#128_fa,271
36773_2#91_fa,489
36774_1#116_fa,252
36773_2#132_fa,254
37017_1#254_fa,424
36774_1#285_fa,342
37017_2#224_fa,510
37017_1#22_fa,311
36984_2#130_fa,253
36774_2#337_fa,329
36983_1#178_fa,597
36984_2#144_fa,308
48373_1#269_fa,338
37017_2#238_fa,282
36773_2#315_fa,307
36812_1#327_fa,263
37311_1#133_fa,280
36774_2#31_fa,336
48373_1#125_fa,262
46321_1#270_fa,275
46321_2#262_fa,318
36774_2#199_fa,401
36812_1#157_fa,253
36985_2#115_fa,317
36985_1#28_fa,354
36773_2#122_fa,276
36812_2#178_fa,308
48373_1#6_fa,390
48373_1#210_fa,273
36983_2#369_fa,255
36812_1#212_fa,253
36984_2#256_fa,292
37017_2#157_fa,263
36774_1#37_fa,258
36774_2#97_fa,282
36983_1#381_fa,284
36983_1#173_fa,300
36773_2#30_fa,283
36985_2#50_fa,265
46358_2#369_fa,327
36773_2#238_fa,606
36983_2#214_fa,255
36773_2#58_fa,343
46358_2#251_fa,423
36983_2#341_fa,374
48373_1#229_fa,320
36985_2#251_fa,342
36985_2#332_fa,332
37017_2#257_fa,257
36812_2#114_fa,288
36983_1#174_fa,268
46358_2#17_fa,263
48373_1#362_fa,563
48373_1#335_fa,370
36812_1#329_fa,308
36812_1#63_fa,348
36812_1#77_fa,284
36982_2#308_fa,406
36812_1#316_fa,352
36774_2#196_fa,429
36812_1#177_fa,252
36983_1#218_fa,329
46472_2#337_fa,254
48373_1#29_fa,363
46358_2#154_fa,280
36983_1#330_fa,275
36983_2#306_fa,309
48373_1#270_fa,253
36985_2#296_fa,470
48373_1#121_fa,567
37017_2#26_fa,254
46472_2#320_fa,335
36983_2#340_fa,259
46472_2#114_fa,255
36984_2#233_fa,253
46358_2#34_fa,259
36812_1#261_fa,315
36983_1#299_fa,518
36812_2#287_fa,259
36774_2#181_fa,316
36983_2#170_fa,263
37311_1#65_fa,296
37017_2#54_fa,263
36773_2#274_fa,255
36774_1#189_fa,291
36983_1#153_fa,270
36985_2#279_fa,354
36774_2#312_fa,304
46358_2#317_fa,305
36774_2#214_fa,304
36985_1#201_fa,261
36773_2#206_fa,284
46358_2#189_fa,262
36812_1#381_fa,286
36985_1#48_fa,255
37311_1#195_fa,290
36984_2#20_fa,269
36985_1#320_fa,277
36773_2#109_fa,415
37017_1#276_fa,292
38087_1#224_fa,441
36812_1#276_fa,318
37017_1#150_fa,414
36773_2#78_fa,268
36774_1#136_fa,374
48373_1#271_fa,272
36983_2#36_fa,276
36774_2#172_fa,300
36985_2#72_fa,313
38087_1#250_fa,309
37311_1#261_fa,383
36774_2#286_fa,292
48373_1#216_fa,257
37017_1#249_fa,482
37017_1#242_fa,293
37017_2#366_fa,297
36983_1#107_fa,343
36983_2#124_fa,269
36983_2#30_fa,289
38087_1#379_fa,340
36985_1#230_fa,255
36774_1#252_fa,253
36774_1#295_fa,270
46358_2#98_fa,336
36983_1#35_fa,295
48373_1#34_fa,260
36774_1#216_fa,260
36774_2#33_fa,278
36774_1#377_fa,283
46358_2#253_fa,310
46321_2#234_fa,316
46321_2#191_fa,311
46321_2#268_fa,490
46358_2#200_fa,576
46358_2#72_fa,302
46358_2#88_fa,394
48373_1#303_fa,338
36985_1#194_fa,311
37017_2#125_fa,398
48373_1#330_fa,497
36984_2#183_fa,304
37017_1#213_fa,253
46321_2#89_fa,335
46321_2#267_fa,402
48373_1#56_fa,351
48373_1#62_fa,380
36982_2#182_fa,301
37017_2#361_fa,259
36983_1#210_fa,304
37017_2#182_fa,297
37311_1#175_fa,259
36812_1#216_fa,263
37017_1#314_fa,382
36774_2#96_fa,270
36985_2#200_fa,257
36774_2#184_fa,276
37017_1#340_fa,253
36812_2#344_fa,277
38087_1#153_fa,340
36773_2#187_fa,264
36982_2#160_fa,252
36984_2#384_fa,295
48373_1#95_fa,420
46472_2#319_fa,255
36985_2#185_fa,290
46358_2#305_fa,257
36773_2#306_fa,301
37017_2#203_fa,286
36983_2#293_fa,393
36984_2#280_fa,252
36812_1#239_fa,308
36773_2#8_fa,470
37017_1#58_fa,257
36773_2#318_fa,263
37017_2#298_fa,415
36983_1#101_fa,253
36812_1#191_fa,279
48373_1#159_fa,287
36983_2#231_fa,253
36985_2#336_fa,269
36985_2#213_fa,316
36982_2#350_fa,283
36983_2#117_fa,253
36985_1#375_fa,315
36985_1#365_fa,450
36774_2#161_fa,255
46321_1#190_fa,269
36774_2#74_fa,291
48373_1#64_fa,300
36984_2#237_fa,266
46358_2#235_fa,282
36773_2#95_fa,271
46472_2#82_fa,335
36985_2#17_fa,339
36774_1#266_fa,296
36774_1#156_fa,387
48373_1#123_fa,274
48373_1#47_fa,311
36985_1#87_fa,315
36983_1#321_fa,259
37311_1#169_fa,339
36982_2#56_fa,280
37017_2#174_fa,326
38087_1#177_fa,307
36984_2#376_fa,259
36774_2#152_fa,296
36774_2#157_fa,348
36985_2#293_fa,263
37017_2#362_fa,437
36985_1#151_fa,271
36983_1#267_fa,519
36983_2#209_fa,265
46358_2#217_fa,292
36773_2#24_fa,310
36773_2#239_fa,269
36812_1#53_fa,284
36984_2#377_fa,340
36774_2#150_fa,293
36985_2#112_fa,314
36983_2#11_fa,259
36983_2#73_fa,286
37017_2#348_fa,400
36774_2#190_fa,260
48373_1#169_fa,257
36985_2#171_fa,279
48373_1#316_fa,309
36982_2#374_fa,259
36812_2#180_fa,263
46321_2#327_fa,253
36774_2#24_fa,308
36983_2#21_fa,255
46358_2#198_fa,476
36983_1#135_fa,360
36985_1#167_fa,330
38087_1#184_fa,316
36984_2#365_fa,255
48373_1#186_fa,310
36985_2#339_fa,253
48373_1#46_fa,260
36983_1#260_fa,282
36985_2#80_fa,291
46358_2#20_fa,334
36983_2#345_fa,259
48373_1#170_fa,419
48373_1#236_fa,255
46321_1#311_fa,335
36812_1#74_fa,263
36983_2#326_fa,305
36985_1#219_fa,297
46472_2#188_fa,283
48373_1#238_fa,434
48373_1#139_fa,273
36983_2#32_fa,255
48373_1#155_fa,273
36812_1#58_fa,277
36984_2#225_fa,384
36985_2#154_fa,263
36774_1#180_fa,277
36984_2#25_fa,315
36982_2#50_fa,280
37017_2#76_fa,254
38087_1#344_fa,435
36983_1#90_fa,288
46321_1#362_fa,268
36985_2#223_fa,514
36812_1#223_fa,308
36773_2#233_fa,263
36985_2#102_fa,275
36983_1#71_fa,301
36774_1#359_fa,332
46358_2#319_fa,305
36812_1#202_fa,265
36984_2#8_fa,255
46321_2#53_fa,282
46321_2#208_fa,299
36774_1#356_fa,253
37017_2#214_fa,351
37017_1#26_fa,352
48373_1#164_fa,264
36774_2#311_fa,384
46321_2#373_fa,282
36985_2#144_fa,308
37311_1#139_fa,261
36985_1#245_fa,260
36773_2#255_fa,267
36985_1#305_fa,255
37017_2#191_fa,511
37017_2#305_fa,273
37017_2#149_fa,259
36984_2#336_fa,253
36774_1#308_fa,444
36985_1#268_fa,352
37017_2#71_fa,342
46321_2#144_fa,503
36812_1#95_fa,292
36985_2#243_fa,528
37017_2#170_fa,259
46358_2#249_fa,422
36774_1#48_fa,253
36812_1#262_fa,280
36983_1#329_fa,304
36774_1#307_fa,321
36774_1#373_fa,333
36773_2#113_fa,283
36812_1#114_fa,257
38087_1#128_fa,314
36773_2#347_fa,252
36985_1#159_fa,257
36985_1#169_fa,288
36773_2#245_fa,353
37017_2#208_fa,321
36774_1#75_fa,404
36774_2#91_fa,281
46321_1#283_fa,476
36774_1#24_fa,267
37017_2#159_fa,255
36812_1#86_fa,260
36774_2#329_fa,388
36984_2#210_fa,295
38087_1#186_fa,255
46358_2#81_fa,572
36984_2#262_fa,278
36984_2#123_fa,290
36774_2#258_fa,439
36812_1#346_fa,253
37017_2#156_fa,257
36774_1#104_fa,343
36985_1#308_fa,306
36774_2#266_fa,286
46321_2#342_fa,257
48373_1#143_fa,262
48373_1#205_fa,271
36812_1#226_fa,268
46472_2#372_fa,474
46358_2#221_fa,295
36983_1#59_fa,305
46358_2#300_fa,271
36812_1#112_fa,438
48373_1#156_fa,261
37017_2#212_fa,252
46358_2#373_fa,278
36985_1#145_fa,299
36812_1#152_fa,370
36985_2#214_fa,252
48373_1#28_fa,338
37017_1#92_fa,306
37017_1#28_fa,280
46321_1#378_fa,336
36983_1#167_fa,255
48373_1#327_fa,363
36985_2#295_fa,290
36812_1#295_fa,283
37017_2#64_fa,345
36812_1#119_fa,280
36984_2#100_fa,278
48373_1#259_fa,324
36984_2#93_fa,255
36984_2#70_fa,309
36983_2#220_fa,259
36773_2#384_fa,307
36774_1#19_fa,282
36773_2#10_fa,295
37017_2#133_fa,270
36774_2#1_fa,268
36983_1#263_fa,286
46358_2#241_fa,262
36983_1#326_fa,299
