run_accession,sample_accession
ERR3425091,SAMEA4623159
ERR3425159,SAMEA4620499
ERR3425170,SAMEA4620510
ERR3425175,SAMEA4620515
ERR3425179,SAMEA4620519
ERR3448858,SAMEA4620287
ERR3425182,SAMEA4620522
ERR3904260,SAMEA4622221
ERR3425183,SAMEA4620523
ERR3904270,SAMEA4622231
ERR3425184,SAMEA4620524
ERR3904297,SAMEA4622266
ERR3425186,SAMEA4620526
ERR3904316,SAMEA4622277
ERR3425193,SAMEA4620533
ERR3904332,SAMEA4622293
ERR3425195,SAMEA4620535
ERR3904418,SAMEA4622379
ERR3425209,SAMEA4620549
ERR3425211,SAMEA4620551
ERR3904451,SAMEA4622412
ERR3425212,SAMEA4620552
ERR3410268,SAMEA4621268
ERR3425214,SAMEA4620554
ERR3410271,SAMEA4621271
ERR3425215,SAMEA4620555
ERR3410277,SAMEA4621277
ERR3425220,SAMEA4620560
ERR3410280,SAMEA4621280
ERR3425222,SAMEA4620562
ERR3410283,SAMEA4621283
ERR3425228,SAMEA4620568
ERR3410288,SAMEA4621288
ERR3425231,SAMEA4620571
ERR3410305,SAMEA4621305
ERR3425238,SAMEA4620578
ERR3410306,SAMEA4621306
ERR3425240,SAMEA4620580
ERR3410313,SAMEA4621313
ERR3410270,SAMEA4621270
ERR3425248,SAMEA4620588
ERR3410316,SAMEA4621316
ERR3425252,SAMEA4620592
ERR3410275,SAMEA4621275
ERR3425253,SAMEA4620593
ERR3410318,SAMEA4621318
ERR3410276,SAMEA4621276
ERR3425255,SAMEA4620595
ERR3410297,SAMEA4621297
ERR3410319,SAMEA4621319
ERR3425312,SAMEA4620652
ERR3410307,SAMEA4621307
ERR3410321,SAMEA4621321
ERR3425315,SAMEA4620655
ERR3410310,SAMEA4621310
ERR3410322,SAMEA4621322
ERR3425316,SAMEA4620656
ERR3410317,SAMEA4621317
ERR3410329,SAMEA4621329
ERR3425319,SAMEA4620659
ERR3410323,SAMEA4621323
ERR3410334,SAMEA4621334
ERR3425322,SAMEA4620662
ERR3410333,SAMEA4621333
ERR3410335,SAMEA4621335
ERR3425325,SAMEA4620665
ERR3410342,SAMEA4621342
ERR3410344,SAMEA4621344
ERR3425328,SAMEA4620668
ERR3410360,SAMEA4621360
ERR3410351,SAMEA4621351
ERR3425329,SAMEA4620669
ERR3410361,SAMEA4621361
ERR3410358,SAMEA4621358
ERR3425330,SAMEA4620670
ERR3410366,SAMEA4621366
ERR3410359,SAMEA4621359
ERR3425332,SAMEA4620672
ERR3410374,SAMEA4621374
ERR3410362,SAMEA4621362
ERR3425375,SAMEA4620715
ERR3410380,SAMEA4621380
ERR3410367,SAMEA4621367
ERR3425381,SAMEA4620739
ERR3410384,SAMEA4621384
ERR3410385,SAMEA4621385
ERR3425382,SAMEA4620740
ERR3410386,SAMEA4621386
ERR3410395,SAMEA4621395
ERR3425383,SAMEA4620716
ERR3410387,SAMEA4621387
ERR3410397,SAMEA4621397
ERR3425384,SAMEA4620717
ERR3410396,SAMEA4621396
ERR3410403,SAMEA4621403
ERR3425387,SAMEA4620720
ERR3410404,SAMEA4621404
ERR3410409,SAMEA4621409
ERR3425388,SAMEA4620721
ERR3410420,SAMEA4621420
ERR3410412,SAMEA4621412
ERR3425389,SAMEA4620722
ERR3410423,SAMEA4621423
ERR3410415,SAMEA4621415
ERR3425395,SAMEA4620728
ERR3410430,SAMEA4621430
ERR3410427,SAMEA4621427
ERR3425439,SAMEA4620779
ERR3410433,SAMEA4621433
ERR3410428,SAMEA4621428
ERR3425448,SAMEA4620788
ERR3410434,SAMEA4621434
ERR3410429,SAMEA4621429
ERR3425450,SAMEA4620790
ERR3410439,SAMEA4621439
ERR3410435,SAMEA4621435
ERR3425451,SAMEA4620791
ERR3410443,SAMEA4621443
ERR3410437,SAMEA4621437
ERR3425452,SAMEA4620792
ERR3410459,SAMEA4621459
ERR3410440,SAMEA4621440
ERR3425456,SAMEA4620796
ERR3410463,SAMEA4621463
ERR3410441,SAMEA4621441
ERR3425457,SAMEA4620797
ERR3410472,SAMEA4621472
ERR3410456,SAMEA4621456
ERR3425459,SAMEA4620799
ERR3410485,SAMEA4621485
ERR3410462,SAMEA4621462
ERR3425461,SAMEA4620801
ERR3410486,SAMEA4621486
ERR3410492,SAMEA4621487
ERR3425496,SAMEA4620836
ERR3410489,SAMEA4621502
ERR3410504,SAMEA4621499
ERR3425497,SAMEA4620837
ERR3410493,SAMEA4621488
ERR3410511,SAMEA4621511
ERR3425504,SAMEA4620844
ERR3410498,SAMEA4621493
ERR3410512,SAMEA4621512
ERR3425505,SAMEA4620845
ERR3410522,SAMEA4621522
ERR3410513,SAMEA4621513
ERR3425509,SAMEA4620849
ERR3410527,SAMEA4621527
ERR3410519,SAMEA4621519
ERR3425513,SAMEA4620853
ERR3410533,SAMEA4621533
ERR3425514,SAMEA4620854
ERR3410521,SAMEA4621521
ERR3410536,SAMEA4621536
ERR3425515,SAMEA4620855
ERR3410528,SAMEA4621528
ERR3410537,SAMEA4621537
ERR3425526,SAMEA4620866
ERR3410529,SAMEA4621529
ERR3410543,SAMEA4621543
ERR3425540,SAMEA4620880
ERR3410535,SAMEA4621535
ERR3410549,SAMEA4621549
ERR3425549,SAMEA4622812
ERR3410547,SAMEA4621547
ERR3410558,SAMEA4621558
ERR3425559,SAMEA4622822
ERR3410556,SAMEA4621556
ERR3410562,SAMEA4621562
ERR3425581,SAMEA4622844
ERR3410561,SAMEA4621561
ERR3410563,SAMEA4621563
ERR3425591,SAMEA4622854
ERR3410568,SAMEA4621568
ERR3410569,SAMEA4621569
ERR3425602,SAMEA4622865
ERR3410578,SAMEA4621578
ERR3410582,SAMEA4621582
ERR3425611,SAMEA4622874
ERR3410589,SAMEA4621589
ERR3410586,SAMEA4621586
ERR3410590,SAMEA4621590
ERR3425630,SAMEA4622894
ERR3410588,SAMEA4621588
ERR3410592,SAMEA4621592
ERR3425633,SAMEA4622897
ERR3410591,SAMEA4621591
ERR3410606,SAMEA4621606
ERR3425638,SAMEA4622902
ERR3410595,SAMEA4621595
ERR3410616,SAMEA4621616
ERR3425646,SAMEA4622910
ERR3410596,SAMEA4621596
ERR3410621,SAMEA4621621
ERR3425648,SAMEA4622912
ERR3410597,SAMEA4621597
ERR3410632,SAMEA4621632
ERR3425656,SAMEA4622920
ERR3410605,SAMEA4621605
ERR3410633,SAMEA4621633
ERR3410608,SAMEA4621608
ERR3410638,SAMEA4621638
ERR3425662,SAMEA4622926
ERR3410613,SAMEA4621613
ERR3410641,SAMEA4621641
ERR3425687,SAMEA4622951
ERR3410619,SAMEA4621619
ERR3410648,SAMEA4621648
ERR3410625,SAMEA4621625
ERR3410652,SAMEA4622422
ERR3425702,SAMEA4622966
ERR3410631,SAMEA4621631
ERR3410659,SAMEA4622429
ERR3425717,SAMEA4622981
ERR3410662,SAMEA4622432
ERR3410634,SAMEA4621634
ERR3425729,SAMEA4622993
ERR3410663,SAMEA4622433
ERR3410642,SAMEA4621642
ERR3425736,SAMEA4623000
ERR3410664,SAMEA4622434
ERR3410644,SAMEA4621644
ERR3439937,SAMEA4621655
ERR3410655,SAMEA4622425
ERR3410678,SAMEA4622448
ERR3439940,SAMEA4621658
ERR3410665,SAMEA4622435
ERR3410688,SAMEA4622458
ERR3439941,SAMEA4621659
ERR3410684,SAMEA4622454
ERR3410690,SAMEA4622460
ERR3439954,SAMEA4621672
ERR3410689,SAMEA4622459
ERR3410698,SAMEA4622468
ERR3439958,SAMEA4621676
ERR3410691,SAMEA4622461
ERR3410711,SAMEA4622481
ERR3439965,SAMEA4621683
ERR3410705,SAMEA4622475
ERR3410744,SAMEA4622526
ERR3439977,SAMEA4621695
ERR3410707,SAMEA4622477
ERR3410770,SAMEA4622540
ERR3439980,SAMEA4621698
ERR3410708,SAMEA4622478
ERR3410777,SAMEA4622547
ERR3439982,SAMEA4621700
ERR3410709,SAMEA4622479
ERR3410778,SAMEA4622548
ERR3439988,SAMEA4621706
ERR3410712,SAMEA4622482
ERR3410786,SAMEA4622556
ERR3439998,SAMEA4621716
ERR3410723,SAMEA4622493
ERR3410787,SAMEA4622557
ERR3440009,SAMEA4621727
ERR3410724,SAMEA4622494
ERR3410789,SAMEA4622559
ERR3440010,SAMEA4621728
ERR3410734,SAMEA4622504
ERR3410804,SAMEA4622574
ERR3440015,SAMEA4621733
ERR3410741,SAMEA4622523
ERR3410832,SAMEA4622602
ERR3440021,SAMEA4621750
ERR3410742,SAMEA4622524
ERR3410849,SAMEA4622619
ERR3440025,SAMEA4621754
ERR3410743,SAMEA4622525
ERR3410859,SAMEA4622629
ERR3440027,SAMEA4621756
ERR3410745,SAMEA4622527
ERR3410860,SAMEA4622630
ERR3440041,SAMEA4621759
ERR3410748,SAMEA4622510
ERR3410862,SAMEA4622632
ERR3440046,SAMEA4621764
ERR3410752,SAMEA4622514
ERR3410863,SAMEA4622633
ERR3440052,SAMEA4621770
ERR3410753,SAMEA4622515
ERR3410864,SAMEA4622634
ERR3440055,SAMEA4621773
ERR3410756,SAMEA4622518
ERR3410865,SAMEA4622635
ERR3440058,SAMEA4621776
ERR3410760,SAMEA4622530
ERR3410870,SAMEA4622640
ERR3440059,SAMEA4621777
ERR3410761,SAMEA4622531
ERR3410874,SAMEA4622644
ERR3440073,SAMEA4621791
ERR3410791,SAMEA4622561
ERR3410876,SAMEA4622646
ERR3440078,SAMEA4621796
ERR3410802,SAMEA4622572
ERR3410877,SAMEA4622647
ERR3440081,SAMEA4621799
ERR3410807,SAMEA4622577
ERR3410878,SAMEA4622648
ERR3440092,SAMEA4621810
ERR3410821,SAMEA4622591
ERR3410888,SAMEA4622658
ERR3440093,SAMEA4621811
ERR3410833,SAMEA4622603
ERR3410890,SAMEA4622660
ERR3440095,SAMEA4621813
ERR3410834,SAMEA4622604
ERR3410893,SAMEA4622663
ERR3440097,SAMEA4621815
ERR3410835,SAMEA4622605
ERR3410919,SAMEA4622690
ERR3440101,SAMEA4621819
ERR3410840,SAMEA4622610
ERR3410924,SAMEA4622695
ERR3440106,SAMEA4621824
ERR3410845,SAMEA4622615
ERR3410935,SAMEA4622706
ERR3440107,SAMEA4621825
ERR3410846,SAMEA4622616
ERR3410972,SAMEA4622744
ERR3440108,SAMEA4621826
ERR3410852,SAMEA4622622
ERR3440115,SAMEA4621833
ERR3410856,SAMEA4622626
ERR3440123,SAMEA4621841
ERR3410978,SAMEA4622750
ERR3410867,SAMEA4622637
ERR3440134,SAMEA4621852
ERR3440139,SAMEA4621857
ERR3410871,SAMEA4622641
ERR3410984,SAMEA4622756
ERR3440160,SAMEA4621878
ERR3410875,SAMEA4622645
ERR3410999,SAMEA4622778
ERR3440162,SAMEA4621880
ERR3410882,SAMEA4622652
ERR3411021,SAMEA4622794
ERR3440163,SAMEA4621881
ERR3410895,SAMEA4622665
ERR3411029,SAMEA4622802
ERR3440168,SAMEA4621886
ERR3410896,SAMEA4622666
ERR3411571,SAMEA4620270
ERR3410899,SAMEA4622670
ERR3440171,SAMEA4621889
ERR3411578,SAMEA4620277
ERR3410903,SAMEA4622674
ERR3440172,SAMEA4621890
ERR3411582,SAMEA4620281
ERR3410904,SAMEA4622675
ERR3440183,SAMEA4621901
ERR3411583,SAMEA4620282
ERR3410936,SAMEA4622707
ERR3440184,SAMEA4621902
ERR3411586,SAMEA4620285
ERR3410937,SAMEA4622708
ERR3440186,SAMEA4621904
ERR3411587,SAMEA4620286
ERR3410948,SAMEA4622720
ERR3440189,SAMEA4621907
ERR3411588,SAMEA4620288
ERR3410956,SAMEA4622728
ERR3440196,SAMEA4621914
ERR3411591,SAMEA4620291
ERR3410968,SAMEA4622740
ERR3440202,SAMEA4621921
ERR3411595,SAMEA4620295
ERR3410980,SAMEA4622752
ERR3440210,SAMEA4621929
ERR3411602,SAMEA4620302
ERR3410990,SAMEA4622769
ERR3440211,SAMEA4621930
ERR3411605,SAMEA4620305
ERR3411003,SAMEA4622762
ERR3440212,SAMEA4621931
ERR3411614,SAMEA4620314
ERR3411006,SAMEA4622765
ERR3440235,SAMEA4621954
ERR3411615,SAMEA4620315
ERR3411007,SAMEA4622780
ERR3440236,SAMEA4621955
ERR3411619,SAMEA4620319
ERR3411014,SAMEA4622787
ERR3440239,SAMEA4621958
ERR3411622,SAMEA4620322
ERR3411574,SAMEA4620273
ERR3440251,SAMEA4621970
ERR3411623,SAMEA4620323
ERR3411576,SAMEA4620275
ERR3440255,SAMEA4621974
ERR3411624,SAMEA4620324
ERR3411585,SAMEA4620284
ERR3440266,SAMEA4621985
ERR3411625,SAMEA4620325
ERR3440268,SAMEA4621987
ERR3411589,SAMEA4620289
ERR3411627,SAMEA4620327
ERR3440275,SAMEA4621996
ERR3411590,SAMEA4620290
ERR3411628,SAMEA4620328
ERR3440290,SAMEA4622009
ERR3411592,SAMEA4620292
ERR3411629,SAMEA4620329
ERR3440298,SAMEA4622017
ERR3411597,SAMEA4620297
ERR3411633,SAMEA4620333
ERR3440301,SAMEA4622020
ERR3411598,SAMEA4620298
ERR3411635,SAMEA4620335
ERR3440302,SAMEA4622021
ERR3411603,SAMEA4620303
ERR3411641,SAMEA4620341
ERR3440308,SAMEA4622027
ERR3411606,SAMEA4620306
ERR3411651,SAMEA4620351
ERR3440309,SAMEA4622028
ERR3411607,SAMEA4620307
ERR3411653,SAMEA4620353
ERR3440316,SAMEA4622035
ERR3411608,SAMEA4620308
ERR3411658,SAMEA4620358
ERR3904118,SAMEA4622078
ERR3411609,SAMEA4620309
ERR3411660,SAMEA4620360
ERR3904141,SAMEA4622101
ERR3411611,SAMEA4620311
ERR3411662,SAMEA4620362
ERR3410267,SAMEA4621267
ERR3411617,SAMEA4620317
ERR3411665,SAMEA4620365
ERR3410269,SAMEA4621269
ERR3411626,SAMEA4620326
ERR3411672,SAMEA4620372
ERR3410272,SAMEA4621272
ERR3411630,SAMEA4620330
ERR3411673,SAMEA4620373
ERR3410273,SAMEA4621273
ERR3411636,SAMEA4620336
ERR3411674,SAMEA4620374
ERR3410274,SAMEA4621274
ERR3411637,SAMEA4620337
ERR3411678,SAMEA4620378
ERR3410279,SAMEA4621279
ERR3411642,SAMEA4620342
ERR3411680,SAMEA4620380
ERR3410308,SAMEA4621308
ERR3411644,SAMEA4620344
ERR3410309,SAMEA4621309
ERR3411686,SAMEA4620386
ERR3411645,SAMEA4620345
ERR3410311,SAMEA4621311
ERR3411687,SAMEA4620387
ERR3411647,SAMEA4620347
ERR3410312,SAMEA4621312
ERR3411688,SAMEA4620388
ERR3411649,SAMEA4620349
ERR3410314,SAMEA4621314
ERR3411692,SAMEA4620392
ERR3411652,SAMEA4620352
ERR3410315,SAMEA4621315
ERR3411695,SAMEA4620395
ERR3411663,SAMEA4620363
ERR3410320,SAMEA4621320
ERR3411697,SAMEA4620397
ERR3411664,SAMEA4620364
ERR3410328,SAMEA4621328
ERR3411701,SAMEA4620401
ERR3411666,SAMEA4620366
ERR3410330,SAMEA4621330
ERR3411709,SAMEA4620409
ERR3411675,SAMEA4620375
ERR3410336,SAMEA4621336
ERR3411713,SAMEA4620413
ERR3411681,SAMEA4620381
ERR3410337,SAMEA4621337
ERR3411719,SAMEA4620420
ERR3411682,SAMEA4620382
ERR3410343,SAMEA4621343
ERR3411721,SAMEA4620422
ERR3411685,SAMEA4620385
ERR3410345,SAMEA4621345
ERR3411727,SAMEA4620428
ERR3411689,SAMEA4620389
ERR3410356,SAMEA4621356
ERR3411730,SAMEA4620431
ERR3411690,SAMEA4620390
ERR3410371,SAMEA4621371
ERR3411733,SAMEA4620434
ERR3411694,SAMEA4620394
ERR3410372,SAMEA4621372
ERR3411739,SAMEA4620440
ERR3411698,SAMEA4620398
ERR3410398,SAMEA4621398
ERR3411740,SAMEA4620441
ERR3411699,SAMEA4620399
ERR3410408,SAMEA4621408
ERR3411744,SAMEA4620445
ERR3411700,SAMEA4620400
ERR3410416,SAMEA4621416
ERR3411746,SAMEA4620447
ERR3411702,SAMEA4620402
ERR3410422,SAMEA4621422
ERR3411747,SAMEA4620448
ERR3411703,SAMEA4620403
ERR3410431,SAMEA4621431
ERR3411749,SAMEA4620450
ERR3411706,SAMEA4620406
ERR3410438,SAMEA4621438
ERR3411751,SAMEA4620452
ERR3411707,SAMEA4620407
ERR3410448,SAMEA4621448
ERR3411765,SAMEA4620481
ERR3411708,SAMEA4620408
ERR3410449,SAMEA4621449
ERR3411766,SAMEA4620466
ERR3411711,SAMEA4620411
ERR3410457,SAMEA4621457
ERR3411769,SAMEA4620469
ERR3411712,SAMEA4620412
ERR3410471,SAMEA4621471
ERR3411770,SAMEA4620470
ERR3411714,SAMEA4620414
ERR3410478,SAMEA4621478
ERR3411771,SAMEA4620471
ERR3411720,SAMEA4620421
ERR3410479,SAMEA4621479
ERR3411774,SAMEA4620474
ERR3411729,SAMEA4620430
ERR3410480,SAMEA4621480
ERR3411731,SAMEA4620432
ERR3411779,SAMEA4620479
ERR3410490,SAMEA4621503
ERR3411734,SAMEA4620435
ERR3411787,SAMEA4620488
ERR3410491,SAMEA4621504
ERR3411736,SAMEA4620437
ERR3411822,SAMEA4620907
ERR3411741,SAMEA4620442
ERR3410505,SAMEA4621505
ERR3411826,SAMEA4620911
ERR3411743,SAMEA4620444
ERR3410520,SAMEA4621520
ERR3411828,SAMEA4620913
ERR3410532,SAMEA4621532
ERR3411745,SAMEA4620446
ERR3411830,SAMEA4620915
ERR3411832,SAMEA4620917
ERR3410534,SAMEA4621534
ERR3411756,SAMEA4620457
ERR3411837,SAMEA4620922
ERR3410548,SAMEA4621548
ERR3411757,SAMEA4620458
ERR3411847,SAMEA4620932
ERR3410550,SAMEA4621550
ERR3411856,SAMEA4620941
ERR3410551,SAMEA4621551
ERR3411759,SAMEA4620460
ERR3410552,SAMEA4621552
ERR3411894,SAMEA4620970
ERR3411760,SAMEA4620461
ERR3410559,SAMEA4621559
ERR3411900,SAMEA4620976
ERR3411761,SAMEA4620462
ERR3410565,SAMEA4621565
ERR3411901,SAMEA4620986
ERR3411767,SAMEA4620467
ERR3410583,SAMEA4621583
ERR3411904,SAMEA4620989
ERR3411768,SAMEA4620468
ERR3410584,SAMEA4621584
ERR3411905,SAMEA4620990
ERR3411773,SAMEA4620473
ERR3410598,SAMEA4621598
ERR3411775,SAMEA4620475
ERR3411906,SAMEA4620991
ERR3410602,SAMEA4621602
ERR3411778,SAMEA4620478
ERR3411907,SAMEA4620992
ERR3410609,SAMEA4621609
ERR3411785,SAMEA4620486
ERR3411908,SAMEA4620993
ERR3410614,SAMEA4621614
ERR3411789,SAMEA4620490
ERR3411910,SAMEA4620995
ERR3410620,SAMEA4621620
ERR3411792,SAMEA4620493
ERR3411919,SAMEA4621004
ERR3410646,SAMEA4621646
ERR3411793,SAMEA4620494
ERR3411941,SAMEA4621026
ERR3410647,SAMEA4621647
ERR3411958,SAMEA4621043
ERR3411821,SAMEA4620906
ERR3410660,SAMEA4622430
ERR3411962,SAMEA4621047
ERR3411829,SAMEA4620914
ERR3410661,SAMEA4622431
ERR3411833,SAMEA4620918
ERR3411965,SAMEA4621050
ERR3410673,SAMEA4622443
ERR3411966,SAMEA4621051
ERR3411834,SAMEA4620919
ERR3410674,SAMEA4622444
ERR3411967,SAMEA4621052
ERR3411839,SAMEA4620924
ERR3410675,SAMEA4622445
ERR3411969,SAMEA4621054
ERR3411842,SAMEA4620927
ERR3410676,SAMEA4622446
ERR3411970,SAMEA4621055
ERR3411843,SAMEA4620928
ERR3410692,SAMEA4622462
ERR3411844,SAMEA4620929
ERR3411977,SAMEA4621063
ERR3410696,SAMEA4622466
ERR3411845,SAMEA4620930
ERR3411978,SAMEA4621064
ERR3410697,SAMEA4622467
ERR3411850,SAMEA4620935
ERR3412014,SAMEA4621100
ERR3410702,SAMEA4622472
ERR3411892,SAMEA4620984
ERR3412015,SAMEA4621101
ERR3410703,SAMEA4622473
ERR3411893,SAMEA4620985
ERR3412016,SAMEA4621102
ERR3410710,SAMEA4622480
ERR3411895,SAMEA4620971
ERR3412017,SAMEA4621103
ERR3410714,SAMEA4622484
ERR3412020,SAMEA4621106
ERR3411896,SAMEA4620972
ERR3410715,SAMEA4622485
ERR3411897,SAMEA4620973
ERR3412024,SAMEA4621110
ERR3410722,SAMEA4622492
ERR3411898,SAMEA4620974
ERR3412027,SAMEA4621113
ERR3410735,SAMEA4622505
ERR3411899,SAMEA4620975
ERR3412028,SAMEA4621114
ERR3410740,SAMEA4622522
ERR3411903,SAMEA4620988
ERR3412030,SAMEA4621116
ERR3410749,SAMEA4622511
ERR3411912,SAMEA4620997
ERR3412032,SAMEA4621118
ERR3410750,SAMEA4622512
ERR3411916,SAMEA4621001
ERR3412034,SAMEA4621120
ERR3410751,SAMEA4622513
ERR3411928,SAMEA4621013
ERR3412041,SAMEA4621127
ERR3410757,SAMEA4622519
ERR3411940,SAMEA4621025
ERR3412042,SAMEA4621128
ERR3410762,SAMEA4622532
ERR3411960,SAMEA4621045
ERR3412046,SAMEA4621132
ERR3410768,SAMEA4622538
ERR3411963,SAMEA4621048
ERR3412086,SAMEA4621173
ERR3410769,SAMEA4622539
ERR3412090,SAMEA4621177
ERR3411968,SAMEA4621053
ERR3410773,SAMEA4622543
ERR3412096,SAMEA4621183
ERR3411972,SAMEA4621058
ERR3410785,SAMEA4622555
ERR3412098,SAMEA4621185
ERR3411973,SAMEA4621059
ERR3412100,SAMEA4621187
ERR3410790,SAMEA4622560
ERR3411976,SAMEA4621062
ERR3412102,SAMEA4621189
ERR3410798,SAMEA4622568
ERR3411988,SAMEA4621074
ERR3412104,SAMEA4621191
ERR3410803,SAMEA4622573
ERR3411990,SAMEA4621076
ERR3412105,SAMEA4621192
ERR3410811,SAMEA4622581
ERR3412023,SAMEA4621109
ERR3412106,SAMEA4621193
ERR3410820,SAMEA4622590
ERR3412025,SAMEA4621111
ERR3412109,SAMEA4621196
ERR3410822,SAMEA4622592
ERR3412026,SAMEA4621112
ERR3412112,SAMEA4621199
ERR3410848,SAMEA4622618
ERR3412035,SAMEA4621121
ERR3412119,SAMEA4621206
ERR3412037,SAMEA4621123
ERR3410850,SAMEA4622620
ERR3412123,SAMEA4621210
ERR3412038,SAMEA4621124
ERR3410857,SAMEA4622627
ERR3412124,SAMEA4621211
ERR3412047,SAMEA4621133
ERR3410858,SAMEA4622628
ERR3412125,SAMEA4621212
ERR3412048,SAMEA4621134
ERR3410887,SAMEA4622657
ERR3412126,SAMEA4621213
ERR3412057,SAMEA4621143
ERR3410889,SAMEA4622659
ERR3412177,SAMEA4621264
ERR3412087,SAMEA4621174
ERR3410894,SAMEA4622664
ERR3412178,SAMEA4621265
ERR3412088,SAMEA4621175
ERR3410913,SAMEA4622684
ERR3412179,SAMEA4621266
ERR3412091,SAMEA4621178
ERR3410915,SAMEA4622686
ERR3425160,SAMEA4620500
ERR3412095,SAMEA4621182
ERR3410925,SAMEA4622696
ERR3425162,SAMEA4620502
ERR3412097,SAMEA4621184
ERR3410930,SAMEA4622701
ERR3425163,SAMEA4620503
ERR3412101,SAMEA4621188
ERR3410938,SAMEA4622709
ERR3425164,SAMEA4620504
ERR3412107,SAMEA4621194
ERR3410939,SAMEA4622710
ERR3425166,SAMEA4620506
ERR3412114,SAMEA4621201
ERR3410945,SAMEA4622717
ERR3425168,SAMEA4620508
ERR3412115,SAMEA4621202
ERR3410952,SAMEA4622724
ERR3425169,SAMEA4620509
ERR3412116,SAMEA4621203
ERR3410955,SAMEA4622727
ERR3425171,SAMEA4620511
ERR3412136,SAMEA4621228
ERR3410959,SAMEA4622731
ERR3425174,SAMEA4620514
ERR3412175,SAMEA4621262
ERR3410960,SAMEA4622732
ERR3425180,SAMEA4620520
ERR3425158,SAMEA4620498
ERR3410966,SAMEA4622738
ERR3425185,SAMEA4620525
ERR3425161,SAMEA4620501
ERR3410979,SAMEA4622751
ERR3425188,SAMEA4620528
ERR3425165,SAMEA4620505
ERR3410981,SAMEA4622753
ERR3425191,SAMEA4620531
ERR3425167,SAMEA4620507
ERR3425196,SAMEA4620536
ERR3411000,SAMEA4622779
ERR3425172,SAMEA4620512
ERR3411001,SAMEA4622760
ERR3425198,SAMEA4620538
ERR3425173,SAMEA4620513
ERR3411020,SAMEA4622793
ERR3425199,SAMEA4620539
ERR3425176,SAMEA4620516
ERR3425201,SAMEA4620541
ERR3411024,SAMEA4622797
ERR3425177,SAMEA4620517
ERR3425206,SAMEA4620546
ERR3411042,SAMEA4619739
ERR3425178,SAMEA4620518
ERR3425210,SAMEA4620550
ERR3411575,SAMEA4620274
ERR3425181,SAMEA4620521
ERR3425223,SAMEA4620563
ERR3411577,SAMEA4620276
ERR3425187,SAMEA4620527
ERR3425226,SAMEA4620566
ERR3411579,SAMEA4620278
ERR3425189,SAMEA4620529
ERR3425229,SAMEA4620569
ERR3411580,SAMEA4620279
ERR3425190,SAMEA4620530
ERR3425232,SAMEA4620572
ERR3411581,SAMEA4620280
ERR3425192,SAMEA4620532
ERR3425233,SAMEA4620573
ERR3411584,SAMEA4620283
ERR3425194,SAMEA4620534
ERR3411593,SAMEA4620293
ERR3425235,SAMEA4620575
ERR3425197,SAMEA4620537
ERR3425237,SAMEA4620577
ERR3411594,SAMEA4620294
ERR3425203,SAMEA4620543
ERR3411596,SAMEA4620296
ERR3425241,SAMEA4620581
ERR3425204,SAMEA4620544
ERR3411599,SAMEA4620299
ERR3425246,SAMEA4620586
ERR3425207,SAMEA4620547
ERR3411600,SAMEA4620300
ERR3425254,SAMEA4620594
ERR3425216,SAMEA4620556
ERR3411601,SAMEA4620301
ERR3425256,SAMEA4620596
ERR3425217,SAMEA4620557
ERR3425314,SAMEA4620654
ERR3411604,SAMEA4620304
ERR3425221,SAMEA4620561
ERR3425317,SAMEA4620657
ERR3411610,SAMEA4620310
ERR3425224,SAMEA4620564
ERR3425323,SAMEA4620663
ERR3411612,SAMEA4620312
ERR3425225,SAMEA4620565
ERR3425326,SAMEA4620666
ERR3411613,SAMEA4620313
ERR3425227,SAMEA4620567
ERR3425331,SAMEA4620671
ERR3411616,SAMEA4620316
ERR3425230,SAMEA4620570
ERR3425333,SAMEA4620673
ERR3411618,SAMEA4620318
ERR3425234,SAMEA4620574
ERR3425335,SAMEA4620675
ERR3411620,SAMEA4620320
ERR3425236,SAMEA4620576
ERR3425337,SAMEA4620677
ERR3411621,SAMEA4620321
ERR3425239,SAMEA4620579
ERR3425338,SAMEA4620678
ERR3411632,SAMEA4620332
ERR3425244,SAMEA4620584
ERR3425376,SAMEA4620734
ERR3411634,SAMEA4620334
ERR3425250,SAMEA4620590
ERR3425377,SAMEA4620735
ERR3411638,SAMEA4620338
ERR3425251,SAMEA4620591
ERR3425378,SAMEA4620736
ERR3411639,SAMEA4620339
ERR3425313,SAMEA4620653
ERR3425379,SAMEA4620737
ERR3411643,SAMEA4620343
ERR3425318,SAMEA4620658
ERR3425380,SAMEA4620738
ERR3411646,SAMEA4620346
ERR3425320,SAMEA4620660
ERR3425390,SAMEA4620723
ERR3411648,SAMEA4620348
ERR3425321,SAMEA4620661
ERR3425391,SAMEA4620724
ERR3411650,SAMEA4620350
ERR3425324,SAMEA4620664
ERR3425392,SAMEA4620725
ERR3411654,SAMEA4620354
ERR3425327,SAMEA4620667
ERR3425393,SAMEA4620726
ERR3411655,SAMEA4620355
ERR3425334,SAMEA4620674
ERR3425396,SAMEA4620729
ERR3411656,SAMEA4620356
ERR3425385,SAMEA4620718
ERR3425397,SAMEA4620730
ERR3411657,SAMEA4620357
ERR3425386,SAMEA4620719
ERR3425398,SAMEA4620731
ERR3411659,SAMEA4620359
ERR3425394,SAMEA4620727
ERR3425440,SAMEA4620780
ERR3411661,SAMEA4620361
ERR3425399,SAMEA4620732
ERR3425443,SAMEA4620783
ERR3411667,SAMEA4620367
ERR3425400,SAMEA4620733
ERR3425447,SAMEA4620787
ERR3411668,SAMEA4620368
ERR3425401,SAMEA4620741
ERR3425453,SAMEA4620793
ERR3411669,SAMEA4620369
ERR3425441,SAMEA4620781
ERR3425454,SAMEA4620794
ERR3411670,SAMEA4620370
ERR3425455,SAMEA4620795
ERR3425442,SAMEA4620782
ERR3411671,SAMEA4620371
ERR3425444,SAMEA4620784
ERR3425458,SAMEA4620798
ERR3411676,SAMEA4620376
ERR3425500,SAMEA4620840
ERR3425445,SAMEA4620785
ERR3411677,SAMEA4620377
ERR3425501,SAMEA4620841
ERR3425446,SAMEA4620786
ERR3411679,SAMEA4620379
ERR3425507,SAMEA4620847
ERR3425449,SAMEA4620789
ERR3411684,SAMEA4620384
ERR3425462,SAMEA4620802
ERR3425510,SAMEA4620850
ERR3411691,SAMEA4620391
ERR3425493,SAMEA4620833
ERR3425511,SAMEA4620851
ERR3425494,SAMEA4620834
ERR3411693,SAMEA4620393
ERR3425512,SAMEA4620852
ERR3425495,SAMEA4620835
ERR3411704,SAMEA4620404
ERR3425518,SAMEA4620858
ERR3425498,SAMEA4620838
ERR3411705,SAMEA4620405
ERR3425519,SAMEA4620859
ERR3425499,SAMEA4620839
ERR3411715,SAMEA4620415
ERR3425520,SAMEA4620860
ERR3425502,SAMEA4620842
ERR3425541,SAMEA4620881
ERR3411716,SAMEA4620416
ERR3425503,SAMEA4620843
ERR3425542,SAMEA4622805
ERR3411717,SAMEA4620417
ERR3425508,SAMEA4620848
ERR3425556,SAMEA4622819
ERR3411722,SAMEA4620423
ERR3425527,SAMEA4620867
ERR3425563,SAMEA4622826
ERR3411723,SAMEA4620424
ERR3425547,SAMEA4622810
ERR3425564,SAMEA4622827
ERR3411724,SAMEA4620425
ERR3425548,SAMEA4622811
ERR3411725,SAMEA4620426
ERR3425596,SAMEA4622859
ERR3425562,SAMEA4622825
ERR3411726,SAMEA4620427
ERR3425601,SAMEA4622864
ERR3425567,SAMEA4622830
ERR3411728,SAMEA4620429
ERR3425606,SAMEA4622869
ERR3425569,SAMEA4622832
ERR3411732,SAMEA4620433
ERR3425614,SAMEA4622877
ERR3425576,SAMEA4622839
ERR3411735,SAMEA4620436
ERR3425634,SAMEA4622898
ERR3425582,SAMEA4622845
ERR3411737,SAMEA4620438
ERR3425639,SAMEA4622903
ERR3425597,SAMEA4622860
ERR3411738,SAMEA4620439
ERR3425647,SAMEA4622911
ERR3425610,SAMEA4622873
ERR3411742,SAMEA4620443
ERR3425653,SAMEA4622917
ERR3425612,SAMEA4622875
ERR3411748,SAMEA4620449
ERR3425660,SAMEA4622924
ERR3425617,SAMEA4622880
ERR3411753,SAMEA4620454
ERR3425718,SAMEA4622982
ERR3425620,SAMEA4622883
ERR3411754,SAMEA4620455
ERR3425723,SAMEA4622987
ERR3425621,SAMEA4622884
ERR3411763,SAMEA4620464
ERR3425744,SAMEA4623009
ERR3425644,SAMEA4622908
ERR3411772,SAMEA4620472
ERR3425807,SAMEA4623072
ERR3425673,SAMEA4622937
ERR3411776,SAMEA4620476
ERR3425873,SAMEA4623234
ERR3425688,SAMEA4622952
ERR3411777,SAMEA4620477
ERR3439939,SAMEA4621657
ERR3425714,SAMEA4622978
ERR3411780,SAMEA4620480
ERR3439942,SAMEA4621660
ERR3425745,SAMEA4623010
ERR3411784,SAMEA4620485
ERR3439944,SAMEA4621662
ERR3425754,SAMEA4623022
ERR3411790,SAMEA4620491
ERR3439952,SAMEA4621670
ERR3425787,SAMEA4623052
ERR3411791,SAMEA4620492
ERR3439956,SAMEA4621674
ERR3904084,SAMEA4622044
ERR3411795,SAMEA4620496
ERR3439968,SAMEA4621686
ERR3904085,SAMEA4622045
ERR3411820,SAMEA4620905
ERR3439970,SAMEA4621688
ERR3904088,SAMEA4622048
ERR3411823,SAMEA4620908
ERR3439979,SAMEA4621697
ERR3904092,SAMEA4622052
ERR3411824,SAMEA4620909
ERR3904099,SAMEA4622059
ERR3439981,SAMEA4621699
ERR3411825,SAMEA4620910
ERR3904100,SAMEA4622060
ERR3439992,SAMEA4621710
ERR3411827,SAMEA4620912
ERR3904108,SAMEA4622068
ERR3411831,SAMEA4620916
ERR3439995,SAMEA4621713
ERR3904119,SAMEA4622079
ERR3411835,SAMEA4620920
ERR3904120,SAMEA4622080
ERR3439996,SAMEA4621714
ERR3411840,SAMEA4620925
ERR3904123,SAMEA4622083
ERR3411841,SAMEA4620926
ERR3440005,SAMEA4621723
ERR3904146,SAMEA4622106
ERR3411846,SAMEA4620931
ERR3904154,SAMEA4622114
ERR3440011,SAMEA4621729
ERR3411848,SAMEA4620933
ERR3904158,SAMEA4622118
ERR3411854,SAMEA4620939
ERR3904167,SAMEA4622127
ERR3440012,SAMEA4621730
ERR3411902,SAMEA4620987
ERR3904177,SAMEA4622138
ERR3411909,SAMEA4620994
ERR3440023,SAMEA4621752
ERR3904178,SAMEA4622139
ERR3411911,SAMEA4620996
ERR3440024,SAMEA4621753
ERR3904200,SAMEA4622161
ERR3411913,SAMEA4620998
ERR3440026,SAMEA4621755
ERR3904201,SAMEA4622162
ERR3411915,SAMEA4621000
ERR3440028,SAMEA4621757
ERR3904205,SAMEA4622166
ERR3411917,SAMEA4621002
ERR3440034,SAMEA4621741
ERR3904211,SAMEA4622172
ERR3411918,SAMEA4621003
ERR3440036,SAMEA4621743
ERR3904213,SAMEA4622174
ERR3440037,SAMEA4621744
ERR3411921,SAMEA4621006
ERR3904222,SAMEA4622183
ERR3440049,SAMEA4621767
ERR3411959,SAMEA4621044
ERR3904224,SAMEA4622185
ERR3440051,SAMEA4621769
ERR3411961,SAMEA4621046
ERR3904230,SAMEA4622191
ERR3440057,SAMEA4621775
ERR3411964,SAMEA4621049
ERR3904244,SAMEA4622205
ERR3440071,SAMEA4621789
ERR3411971,SAMEA4621057
ERR3904251,SAMEA4622212
ERR3440072,SAMEA4621790
ERR3411974,SAMEA4621060
ERR3904253,SAMEA4622214
ERR3440091,SAMEA4621809
ERR3411975,SAMEA4621061
ERR3904254,SAMEA4622215
ERR3440102,SAMEA4621820
ERR3411989,SAMEA4621075
ERR3904300,SAMEA4622251
ERR3440116,SAMEA4621834
ERR3412013,SAMEA4621099
ERR3904342,SAMEA4622303
ERR3440117,SAMEA4621835
ERR3412018,SAMEA4621104
ERR3904389,SAMEA4622350
ERR3440124,SAMEA4621842
ERR3412019,SAMEA4621105
ERR3904395,SAMEA4622356
ERR3440128,SAMEA4621846
ERR3412022,SAMEA4621108
ERR3904405,SAMEA4622366
ERR3440137,SAMEA4621855
ERR3412029,SAMEA4621115
ERR3904415,SAMEA4622376
ERR3440138,SAMEA4621856
ERR3412031,SAMEA4621117
ERR3904417,SAMEA4622378
ERR3440146,SAMEA4621864
ERR3412033,SAMEA4621119
ERR3904423,SAMEA4622384
ERR3440161,SAMEA4621879
ERR3412040,SAMEA4621126
ERR3904436,SAMEA4622397
ERR3440167,SAMEA4621885
ERR3412045,SAMEA4621131
ERR3967470,SAMEA5130833
ERR3440173,SAMEA4621891
ERR3412055,SAMEA4621141
ERR3967472,SAMEA5130834
ERR3440185,SAMEA4621903
ERR3412056,SAMEA4621142
ERR3967480,SAMEA5130741
ERR3440187,SAMEA4621905
ERR3412089,SAMEA4621176
ERR3967483,SAMEA5130840
ERR3412092,SAMEA4621179
ERR3440188,SAMEA4621906
ERR3967484,SAMEA5130743
ERR3412093,SAMEA4621180
ERR3440197,SAMEA4621915
ERR3967517,SAMEA5130863
ERR3412094,SAMEA4621181
ERR3440198,SAMEA4621916
ERR3967518,SAMEA5130760
ERR3440200,SAMEA4621919
ERR3412103,SAMEA4621190
ERR3967523,SAMEA5130763
ERR3440203,SAMEA4621922
ERR3412108,SAMEA4621195
ERR3967525,SAMEA5130764
ERR3440205,SAMEA4621924
ERR3412110,SAMEA4621197
ERR3967531,SAMEA5130767
ERR3440217,SAMEA4621936
ERR3412111,SAMEA4621198
ERR3967535,SAMEA5130769
ERR3440222,SAMEA4621941
ERR3412113,SAMEA4621200
ERR3967538,SAMEA5130875
ERR3440228,SAMEA4621947
ERR3412117,SAMEA4621204
ERR3967547,SAMEA5130775
ERR3440232,SAMEA4621951
ERR3412118,SAMEA4621205
ERR3967553,SAMEA5130777
ERR3440242,SAMEA4621961
ERR3412120,SAMEA4621207
ERR3967554,SAMEA5130882
ERR3440253,SAMEA4621972
ERR3412121,SAMEA4621208
ERR3967557,SAMEA5130883
ERR3440254,SAMEA4621973
ERR3412122,SAMEA4621209
ERR3967560,SAMEA5130886
ERR3440269,SAMEA4621990
ERR3412129,SAMEA4621216
ERR3967568,SAMEA5130782
ERR3440280,SAMEA4622001
ERR3412137,SAMEA4621229
ERR3967582,SAMEA5130788
ERR3440281,SAMEA4622002
ERR3412152,SAMEA4621221
ERR3967590,SAMEA5130792
ERR3967594,SAMEA5130794
ERR3412176,SAMEA4621263
ERR3440293,SAMEA4622012
ERR3967612,SAMEA5130803
ERR3904079,SAMEA4622039
ERR3967622,SAMEA5130808
ERR3904086,SAMEA4622046
ERR3967628,SAMEA5130811
ERR3440294,SAMEA4622013
ERR3904087,SAMEA4622047
ERR3967636,SAMEA5130815
ERR3904093,SAMEA4622053
ERR3967638,SAMEA5130816
ERR3904098,SAMEA4622058
ERR3440299,SAMEA4622018
ERR3439931,SAMEA4622767
ERR3904103,SAMEA4622063
ERR3439943,SAMEA4621661
ERR3904106,SAMEA4622066
ERR3439945,SAMEA4621663
ERR3440310,SAMEA4622029
ERR3904107,SAMEA4622067
ERR3439955,SAMEA4621673
ERR3904124,SAMEA4622084
ERR3439957,SAMEA4621675
ERR3904130,SAMEA4622090
ERR3440314,SAMEA4622033
ERR3439959,SAMEA4621677
ERR3904132,SAMEA4622092
ERR3439967,SAMEA4621685
ERR3904133,SAMEA4622093
ERR3439969,SAMEA4621687
ERR3904144,SAMEA4622104
ERR3439971,SAMEA4621689
ERR3440315,SAMEA4622034
ERR3904145,SAMEA4622105
ERR3439973,SAMEA4621691
ERR3904149,SAMEA4622109
ERR3439978,SAMEA4621696
ERR3904152,SAMEA4622112
ERR3469448,SAMEA4622136
ERR3439983,SAMEA4621701
ERR3904153,SAMEA4622113
ERR3904076,SAMEA4622036
ERR3439984,SAMEA4621702
ERR3904160,SAMEA4622120
ERR3439985,SAMEA4621703
ERR3904161,SAMEA4622121
ERR3904095,SAMEA4622055
ERR3439993,SAMEA4621711
ERR3904162,SAMEA4622122
ERR3904102,SAMEA4622062
ERR3439997,SAMEA4621715
ERR3904166,SAMEA4622126
ERR3439999,SAMEA4621717
ERR3904104,SAMEA4622064
ERR3904169,SAMEA4622129
ERR3440002,SAMEA4621720
ERR3904105,SAMEA4622065
ERR3904170,SAMEA4622130
ERR3440003,SAMEA4621721
ERR3904128,SAMEA4622088
ERR3904172,SAMEA4622132
ERR3440004,SAMEA4621722
ERR3904176,SAMEA4622137
ERR3440006,SAMEA4621724
ERR3904131,SAMEA4622091
ERR3904179,SAMEA4622140
ERR3440013,SAMEA4621731
ERR3904143,SAMEA4622103
ERR3904183,SAMEA4622144
ERR3440014,SAMEA4621732
ERR3904186,SAMEA4622147
ERR3440042,SAMEA4621760
ERR3904156,SAMEA4622116
ERR3904189,SAMEA4622150
ERR3440043,SAMEA4621761
ERR3904163,SAMEA4622123
ERR3904196,SAMEA4622157
ERR3440054,SAMEA4621772
ERR3904168,SAMEA4622128
ERR3904198,SAMEA4622159
ERR3440064,SAMEA4621782
ERR3904171,SAMEA4622131
ERR3440077,SAMEA4621795
ERR3904204,SAMEA4622165
ERR3904175,SAMEA4622135
ERR3440089,SAMEA4621807
ERR3904212,SAMEA4622173
ERR3904180,SAMEA4622141
ERR3440094,SAMEA4621812
ERR3904234,SAMEA4622195
ERR3904181,SAMEA4622142
ERR3440100,SAMEA4621818
ERR3904243,SAMEA4622204
ERR3904185,SAMEA4622146
ERR3440103,SAMEA4621821
ERR3904252,SAMEA4622213
ERR3904197,SAMEA4622158
ERR3440154,SAMEA4621872
ERR3904274,SAMEA4622235
ERR3904214,SAMEA4622175
ERR3440157,SAMEA4621875
ERR3904275,SAMEA4622236
ERR3440158,SAMEA4621876
ERR3904286,SAMEA4622247
ERR3904223,SAMEA4622184
ERR3440159,SAMEA4621877
ERR3904301,SAMEA4622252
ERR3440170,SAMEA4621888
ERR3904308,SAMEA4622269
ERR3904232,SAMEA4622193
ERR3440174,SAMEA4621892
ERR3904324,SAMEA4622285
ERR3440175,SAMEA4621893
ERR3904239,SAMEA4622200
ERR3904331,SAMEA4622292
ERR3440182,SAMEA4621900
ERR3904348,SAMEA4622309
ERR3904247,SAMEA4622208
ERR3440190,SAMEA4621908
ERR3904355,SAMEA4622316
ERR3440194,SAMEA4621912
ERR3904248,SAMEA4622209
ERR3904357,SAMEA4622318
ERR3440195,SAMEA4621913
ERR3904360,SAMEA4622321
ERR3904249,SAMEA4622210
ERR3440199,SAMEA4621917
ERR3904370,SAMEA4622331
ERR3440204,SAMEA4621923
ERR3904378,SAMEA4622339
ERR3904261,SAMEA4622222
ERR3440208,SAMEA4621927
ERR3904390,SAMEA4622351
ERR3440223,SAMEA4621942
ERR3904400,SAMEA4622361
ERR3904266,SAMEA4622227
ERR3440224,SAMEA4621943
ERR3904403,SAMEA4622364
ERR3904268,SAMEA4622229
ERR3440227,SAMEA4621946
ERR3904411,SAMEA4622372
ERR3440233,SAMEA4621952
ERR3904271,SAMEA4622232
ERR3904412,SAMEA4622373
ERR3440234,SAMEA4621953
ERR3904416,SAMEA4622377
ERR3904276,SAMEA4622237
ERR3440237,SAMEA4621956
ERR3904435,SAMEA4622396
ERR3440238,SAMEA4621957
ERR3904284,SAMEA4622245
ERR3440250,SAMEA4621969
ERR3904441,SAMEA4622402
ERR3904293,SAMEA4622262
ERR3440252,SAMEA4621971
ERR3967454,SAMEA5130825
ERR3967488,SAMEA5130745
ERR3440260,SAMEA4621979
ERR3904295,SAMEA4622264
ERR3440261,SAMEA4621980
ERR3967489,SAMEA5130843
ERR3904296,SAMEA4622265
ERR3440262,SAMEA4621981
ERR3967493,SAMEA5130845
ERR3440263,SAMEA4621982
ERR3967494,SAMEA5130748
ERR3904303,SAMEA4622254
ERR3440270,SAMEA4621991
ERR3967496,SAMEA5130749
ERR3904307,SAMEA4622258
ERR3967498,SAMEA5130750
ERR3440279,SAMEA4622000
ERR3967501,SAMEA5130852
ERR3440283,SAMEA4622004
ERR3904312,SAMEA4622273
ERR3967511,SAMEA5130860
ERR3440288,SAMEA4622007
ERR3967513,SAMEA5130861
ERR3904315,SAMEA4622276
ERR3440289,SAMEA4622008
ERR3967514,SAMEA5130758
ERR3448859,SAMEA4621056
ERR3904318,SAMEA4622279
ERR3967520,SAMEA5130761
ERR3904082,SAMEA4622042
ERR3967532,SAMEA5130871
ERR3904094,SAMEA4622054
ERR3904319,SAMEA4622280
ERR3967537,SAMEA5130770
ERR3904097,SAMEA4622057
ERR3904328,SAMEA4622289
ERR3967543,SAMEA5130773
ERR3904126,SAMEA4622086
ERR3904340,SAMEA4622301
ERR3967550,SAMEA5130776
ERR3904184,SAMEA4622145
ERR3904345,SAMEA4622306
ERR3967563,SAMEA5130891
ERR3904190,SAMEA4622151
ERR3967566,SAMEA5130892
ERR3904195,SAMEA4622156
ERR3904349,SAMEA4622310
ERR3904202,SAMEA4622163
ERR3967569,SAMEA5130893
ERR3904351,SAMEA4622312
ERR3904203,SAMEA4622164
ERR3967571,SAMEA5130783
ERR3967575,SAMEA5130909
ERR3904237,SAMEA4622198
ERR3904352,SAMEA4622313
ERR3967586,SAMEA5130790
ERR3904269,SAMEA4622230
ERR3904358,SAMEA4622319
ERR3904278,SAMEA4622239
ERR3967588,SAMEA5130791
ERR3904285,SAMEA4622246
ERR3967596,SAMEA5130795
ERR3904361,SAMEA4622322
ERR3904287,SAMEA4622248
ERR3967614,SAMEA5130804
ERR3904362,SAMEA4622323
ERR3904292,SAMEA4622261
ERR3967630,SAMEA5130812
ERR3904369,SAMEA4622330
ERR3904294,SAMEA4622263
ERR3904306,SAMEA4622257
ERR3904371,SAMEA4622332
ERR3904317,SAMEA4622278
ERR3904377,SAMEA4622338
ERR3904326,SAMEA4622287
ERR3904329,SAMEA4622290
ERR3904384,SAMEA4622345
ERR3904330,SAMEA4622291
ERR3904404,SAMEA4622365
ERR3904333,SAMEA4622294
ERR3904406,SAMEA4622367
ERR3904346,SAMEA4622307
ERR3904350,SAMEA4622311
ERR3904427,SAMEA4622388
ERR3904359,SAMEA4622320
ERR3904428,SAMEA4622389
ERR3904373,SAMEA4622334
ERR3904374,SAMEA4622335
ERR3904429,SAMEA4622390
ERR3904407,SAMEA4622368
ERR3904430,SAMEA4622391
ERR3904452,SAMEA4622413
ERR3904446,SAMEA4622407
ERR3904457,SAMEA4622418
ERR3904447,SAMEA4622408
ERR3904458,SAMEA4622419
ERR3967448,SAMEA5130822
ERR3967466,SAMEA5130831
ERR3967490,SAMEA5130746
ERR3967500,SAMEA5130751
ERR3967502,SAMEA5130752
ERR3967512,SAMEA5130757
ERR3967527,SAMEA5130765
ERR3967528,SAMEA5130868
ERR3967533,SAMEA5130768
ERR3967534,SAMEA5130873
ERR3967540,SAMEA5130876
ERR3967542,SAMEA5130877
ERR3967548,SAMEA5130880
ERR3967551,SAMEA5130881
ERR3967580,SAMEA5130787
ERR3967598,SAMEA5130796
ERR3967600,SAMEA5130797
ERR3967604,SAMEA5130799
ERR3967608,SAMEA5130801
ERR3967620,SAMEA5130807
ERR3967624,SAMEA5130809
ERR3967633,SAMEA5130920
ERR3967643,SAMEA5130925
ERR3967648,SAMEA5130821