tsne1D,tsne2D,Standard_Cluster,Membership_Probability,Sample_Name
-19.910563647296044,5.93139589764027,72,0.9930941447913457,36773_2#10_plasmid_AF100
8.71232954743683,47.19265269496751,49,1.0,36773_2#126_plasmid_AB621
-21.202959294826524,-8.683482388034847,73,1.0,36773_2#128_plasmid_AF100
9.55341924025146,47.617750444173495,50,0.8960097597275096,36773_2#129_plasmid_AB621
-22.8387608779867,12.399295486786569,66,0.5384683626342817,36773_2#144_plasmid_AF100
-11.734771572221552,-0.1865303736939279,-1,0.0,36773_2#150_plasmid_AF100
9.116812242282784,47.54596616549891,22,1.0,36773_2#158_plasmid_AB621
-33.951958699104836,16.325491576844637,12,2.9261100674988842e-06,36773_2#160_plasmid_AF100
9.19382057502942,46.71524680955223,41,0.8241607012243539,36773_2#179_plasmid_AB621
8.770222674319207,46.242536480643224,50,1.0,36773_2#187_plasmid_AB621
-11.734743369834666,-0.18653136806684967,-1,0.0,36773_2#199_plasmid_AF100
-7.969029576983743,-43.37521053476456,-1,0.0,36773_2#19_plasmid_AF100
-3.8471999048620225,3.3127474835163353,55,1.0,36773_2#200_plasmid_AF100
10.323721311928239,47.045488986856256,50,1.0,36773_2#211_plasmid_AB621
-5.926955327432537,30.67077247941115,87,1.0,36773_2#239_plasmid_AB946
9.505549559625706,46.506523272696484,41,0.8564685069773391,36773_2#240_plasmid_AB621
9.917740749485962,47.47214030620174,50,1.0,36773_2#241_plasmid_AB621
10.956000500991776,44.640489855075984,-1,0.0,36773_2#24_plasmid_AB621
-8.08460895891545,-42.219458305996,10,1.0,36773_2#251_plasmid_AF100
-8.538822154364759,-3.6706386340255444,-1,0.0,36773_2#26_plasmid_AF100
-8.297976326180986,-44.404569655576054,5,1.0,36773_2#273_plasmid_AF100
-8.297976713158256,-44.404569341415865,5,1.0,36773_2#277_plasmid_AF100
-8.084635658827732,-42.2194268062004,11,0.9678968989375197,36773_2#312_plasmid_AF100
10.309548112113282,46.3964897119279,50,1.0,36773_2#341_plasmid_AB621
-8.918156480487253,0.8847708105432748,98,1.0,36773_2#347_plasmid_AF100
-22.25183384749684,-13.105560504860774,97,1.0,36773_2#361_plasmid_AF100
-23.35439753949623,-12.999101825568832,97,1.0,36773_2#363_plasmid_AF100
-9.341222302219236,-48.50217878871531,-1,0.0,36773_2#374_plasmid_AF100
9.580626366573659,47.08322281907874,41,1.0,36773_2#39_plasmid_AB621
-3.848812119610267,3.306963538390858,59,1.0,36773_2#3_plasmid_AF100
9.331787625539475,47.001522544465345,41,0.9768656461656311,36773_2#50_plasmid_AB621
-22.940321798703476,12.407197006959818,66,0.8532206033102611,36773_2#5_plasmid_AF100
-8.51316026781576,0.7761120550365057,99,1.0,36773_2#71_plasmid_AF100
-22.933756613277247,12.387454798663466,66,1.0,36773_2#78_plasmid_AF100
8.823956277515423,46.144010489085204,50,1.0,36773_2#97_plasmid_AB621
10.322708545782755,47.04670848471473,50,1.0,36773_2#99_plasmid_AB621
-6.253123802912937,32.353403495763736,53,0.0003854340467454499,36774_1#100_plasmid_AB946
8.789927983695367,46.21255376241588,50,1.0,36774_1#105_plasmid_AB621
-19.79187466788559,-12.022184512707883,96,1.0,36774_1#107_plasmid_AF100
9.614707795460893,47.61535175687895,50,1.0,36774_1#110_plasmid_AB621
-19.910516426750167,5.93124355257388,72,1.0,36774_1#116_plasmid_AF100
-8.539395459843448,-3.6703893633783657,-1,0.0,36774_1#128_plasmid_AF100
-22.845152977847555,12.256386376936378,66,0.48048724609186966,36774_1#133_plasmid_AF100
2.696554182961968,12.0235568789867,-1,0.0,36774_1#134_plasmid_AF098
-19.688183059429427,3.0138697522565963,20,1.0,36774_1#139_plasmid_AF100
-23.951636550256886,-12.546551969904348,97,1.0,36774_1#141_plasmid_AF100
-10.5587589640414,-2.193749768339629,79,1.0,36774_1#155_plasmid_AF100
-10.099774017568441,1.1740367319299332,91,0.3757530440692425,36774_1#158_plasmid_AF100
9.882694414118722,47.49176400168085,50,1.0,36774_1#179_plasmid_AB621
-8.084635981637184,-42.21942645643088,11,0.7411742378626796,36774_1#193_plasmid_AF100
-8.987719885303756,1.15122733158527,95,0.2874915234622208,36774_1#196_plasmid_AF100
-27.75247253753451,-11.897932315709173,32,1.0,36774_1#207_plasmid_AF100
-6.253106397474628,32.3541151527012,-1,0.0,36774_1#214_plasmid_AB946
-9.341442499040138,-48.503177279709135,-1,0.0,36774_1#222_plasmid_AF100
-14.61039885400968,-9.108636558565367,52,0.6703821363052082,36774_1#224_plasmid_AF100
-8.597442846216735,0.7529888643229581,99,1.0,36774_1#237_plasmid_AF100
-23.166313809821766,-6.219683871598957,96,0.8475330909664699,36774_1#264_plasmid_AF100
-22.266526576684917,12.028197700900977,65,1.0,36774_1#266_plasmid_AF100
-35.33657804511046,15.399614940003111,30,0.0957888365721678,36774_1#279_plasmid_AF100
5.42248916210574,30.88113085435741,76,4.2186328161190553e-07,36774_1#279_plasmid_novel_e914484fa6adbecb8a8c8a21bda20586
-8.947068578160788,1.3174702945126464,95,1.0,36774_1#317_plasmid_AF100
-22.262203351354394,-8.340404636576311,73,0.9602201089183732,36774_1#321_plasmid_AF100
-6.610755440724025,0.4142885950778271,84,1.0,36774_1#340_plasmid_AF100
-22.330852549865593,-8.37626574360311,73,0.9544183030004626,36774_1#341_plasmid_AF100
-35.336578048779444,15.399614945746217,30,0.8918958266204249,36774_1#342_plasmid_AF100
5.368274311567081,30.50560340690655,80,1.0,36774_1#342_plasmid_novel_9b4919678e1694cf9ad485cd589cbe51
-9.341079182358499,-48.504032006987075,-1,0.0,36774_1#343_plasmid_AF100
-8.598488986515765,0.7528796768099668,99,1.0,36774_1#355_plasmid_AF100
-20.606861844552025,-12.98734719929545,97,0.9671586007318472,36774_1#368_plasmid_AF100
-5.838113887352192,34.02519242844545,53,0.9169094373024514,36774_1#36_plasmid_AB946
-20.12772253101802,-12.522214651138025,96,0.8277778969456825,36774_1#371_plasmid_AF100
-22.467114260534565,12.140931676663374,65,0.06971968697107524,36774_1#379_plasmid_AF100
-6.457978488884384,30.34017725061923,85,0.32670767839594966,36774_1#40_plasmid_AB946
-4.240473363897474,32.25809667921089,-1,0.0,36774_1#56_plasmid_AC497
-24.962466081989266,-8.832769183450011,89,1.0,36774_1#71_plasmid_AF100
-3.847086892260754,3.313198144157151,55,1.0,36774_1#8_plasmid_AF100
-8.500378059324184,0.7810845467732471,99,1.0,36774_2#104_plasmid_AF100
-7.918974887530684,2.6130466116370017,88,1.0,36774_2#116_plasmid_AF100
-19.68818217322908,3.013869575962846,20,0.9994702416582871,36774_2#128_plasmid_AF100
-0.03196315596261501,13.020994091209477,7,1.0,36774_2#150_plasmid_AF098
-22.281217148764547,12.023863662662324,65,1.0,36774_2#152_plasmid_AF100
-9.012400848016838,2.6212194448647006,88,1.0,36774_2#155_plasmid_AF100
10.126363960338512,47.39028306987451,50,1.0,36774_2#163_plasmid_AB621
-5.836800189704811,34.02452920905951,53,1.0,36774_2#174_plasmid_AB946
-23.76381668015725,-10.90497384379358,73,1.0,36774_2#175_plasmid_AF100
8.640631383570787,46.696317280781955,50,1.0,36774_2#205_plasmid_AB621
11.262420337097309,-0.07267323829677075,17,0.6278545789555156,36774_2#20_plasmid_novel_d33ee37eefe86ec798ae4759eca0dfec
-8.084635683558647,-42.21942677664802,11,1.0,36774_2#219_plasmid_AF100
9.554061504615005,45.84258990973888,50,1.0,36774_2#21_plasmid_AB621
-35.33657804826518,15.399614946919625,30,1.0,36774_2#221_plasmid_AF100
5.423895610689514,30.881341828663768,76,1.0,36774_2#221_plasmid_novel_a393a45de1d5da1f97e295df4fa6e928
-23.801709742313967,-10.136124949535631,73,1.0,36774_2#229_plasmid_AF100
9.732406455846192,46.71158262816785,41,0.8564685069773391,36774_2#232_plasmid_AB621
-18.695017769506936,5.619049540201066,71,0.37117524439493277,36774_2#244_plasmid_AF100
-8.464644693622576,-1.1639536852010721,90,1.0,36774_2#245_plasmid_AF100
9.126815990319601,47.553240211935815,22,1.0,36774_2#24_plasmid_AB621
-17.748313920384927,4.370390291429478,-1,0.0,36774_2#277_plasmid_AF100
8.710990684347085,47.189608976909696,49,1.0,36774_2#280_plasmid_AB621
-10.559829364731488,-2.193854621128931,79,1.0,36774_2#282_plasmid_AF100
-23.46716538260713,-9.172142996196689,73,1.0,36774_2#28_plasmid_AF100
-6.524467617071873,0.02154844986040927,84,0.0026235190916534395,36774_2#297_plasmid_AF100
-8.084608984120393,-42.21945827590365,10,1.0,36774_2#333_plasmid_AF100
9.284303290711756,46.5848071707189,41,0.8564685069773391,36774_2#34_plasmid_AB621
9.814990257331074,45.93657939515258,50,1.0,36774_2#350_plasmid_AB621
-23.237490838243847,-8.860149140613515,73,1.0,36774_2#352_plasmid_AF100
-9.34109990133735,-48.50338581873217,24,1.0,36774_2#356_plasmid_AF100
10.109239197566243,46.15574897579066,50,1.0,36774_2#360_plasmid_AB621
10.394988426457708,46.72732689671733,50,0.968857619403018,36774_2#362_plasmid_AB621
9.089748283178972,47.52216367636103,22,1.0,36774_2#364_plasmid_AB621
-7.880686944089154,-43.23775864115551,25,0.30886115249301926,36774_2#366_plasmid_AF100
-22.838760877995213,12.399295486812814,66,0.5384683626899027,36774_2#374_plasmid_AF100
-3.84869557672842,3.3074072475590657,60,1.0,36774_2#379_plasmid_AF100
-3.8488390939976402,3.307407132476394,60,0.4322126951934422,36774_2#381_plasmid_AF100
-18.427018851879783,5.407620787376853,71,1.0,36774_2#49_plasmid_AF100
10.955923302955382,44.640734809517795,-1,0.0,36774_2#82_plasmid_AB621
9.81843402154929,45.90482072372649,50,0.9820907997501975,36774_2#8_plasmid_AB621
-9.341217369291927,-48.50308248773655,23,0.2992118818054279,36774_2#93_plasmid_AF100
-35.33657804851215,15.399614946356246,30,1.0,36812_1#100_plasmid_AF100
5.339162624809367,30.523360201063085,80,1.0,36812_1#100_plasmid_novel_058a9c5c6f0355e99dfddf5ddd1752b6
-22.949390485722382,-8.598628370952587,73,1.0,36812_1#107_plasmid_AF100
-22.300322407045606,-8.861540725551725,73,1.0,36812_1#109_plasmid_AF100
10.161927887210476,46.25318105262943,50,1.0,36812_1#111_plasmid_AB621
-8.464827433702023,-1.1639371488532553,90,0.9999113014992386,36812_1#120_plasmid_AF100
-22.93615124142815,-8.570689624439554,73,1.0,36812_1#122_plasmid_AF100
-18.425439268892845,5.40667683049177,71,0.9828839748693716,36812_1#129_plasmid_AF100
-0.031963155962616785,13.020994091209477,7,1.0,36812_1#12_plasmid_AF098
-4.550702010471179,30.996001198517007,-1,0.0,36812_1#139_plasmid_AB946
-19.626868411547363,2.9954707649083367,20,0.011382024758198276,36812_1#145_plasmid_AF100
-19.625453000092822,2.9941832023955475,20,0.011079611514556597,36812_1#147_plasmid_AF100
3.3759381417556265,12.651273548513283,61,1.0,36812_1#157_plasmid_AF098
5.517483572700937,30.613202184944708,-1,0.0,36812_1#157_plasmid_novel_edca0cf77cac36c1883a81caa88f6c32
8.7251500502606,47.205844172909934,49,1.0,36812_1#158_plasmid_AB621
-22.467114260530174,12.140931676679626,65,0.06971968696950602,36812_1#177_plasmid_AF100
-14.773333778768079,-2.090574331437574,54,0.037020266460117295,36812_1#178_plasmid_AF100
-22.64220230613839,-9.039750800517982,73,0.8964787601706476,36812_1#181_plasmid_AF100
4.85004848277472,31.646735634182377,-1,0.0,36812_1#183_plasmid_AB946
8.633577944915627,46.50265344919991,50,1.0,36812_1#18_plasmid_AB621
-10.559531622612427,-2.1938524317281756,79,1.0,36812_1#190_plasmid_AF100
-22.5773700108299,-8.517028006905871,73,1.0,36812_1#198_plasmid_AF100
-9.341147368715315,-48.50291643854061,23,1.0,36812_1#205_plasmid_AF100
-35.28177440392069,15.388420673783255,-1,0.0,36812_1#20_plasmid_AF100
-0.03144862460399955,13.022206691040946,7,0.6424893444930311,36812_1#221_plasmid_AF098
10.190939701542458,47.21588724021514,50,1.0,36812_1#223_plasmid_AB621
-9.34110577690436,-48.50336723047299,24,1.0,36812_1#226_plasmid_AF100
-18.47732007345006,5.487513015239131,71,1.0,36812_1#227_plasmid_AF100
-10.558553280191552,-2.193847647145181,79,1.0,36812_1#234_plasmid_AF100
9.154746697301455,45.957216454045195,50,1.0,36812_1#239_plasmid_AB621
-22.35322016332098,-10.74976251429842,73,1.0,36812_1#250_plasmid_AF100
-8.29753815076825,-44.404877533259636,5,1.0,36812_1#258_plasmid_AF100
-5.619381772657531,30.113135629841725,87,1.0,36812_1#265_plasmid_AB946
8.67022350991103,47.090903145912534,49,1.0,36812_1#266_plasmid_AB621
-8.685387308749586,1.45886169639441,92,1.0,36812_1#274_plasmid_AF100
10.39256256760831,46.73718905437427,50,1.0,36812_1#284_plasmid_AB621
-10.844874627468952,1.3063652320397345,91,1.0,36812_1#298_plasmid_AF100
-33.60268522441015,16.1993558474747,12,1.0,36812_1#319_plasmid_AF100
-21.10023443006128,-10.438120560852703,73,1.0,36812_1#322_plasmid_AF100
-21.97294577800463,-10.31277139559078,73,1.0,36812_1#324_plasmid_AF100
9.147882283843927,45.95423702858696,50,1.0,36812_1#329_plasmid_AB621
-21.344710637257734,-9.897404788746385,73,1.0,36812_1#335_plasmid_AF100
-6.731076765267638,27.001649140688478,9,0.15071548561997017,36812_1#349_plasmid_AB946
-23.823596339354527,10.868645813190584,63,0.9992043439771143,36812_1#357_plasmid_AF100
-20.520427626952674,-10.123651993023886,73,1.0,36812_1#368_plasmid_AF100
-23.823652860824804,10.868220419040986,63,1.0,36812_1#369_plasmid_AF100
-20.98515569696372,-9.798850924568532,73,1.0,36812_1#370_plasmid_AF100
-8.297538138074827,-44.404877536255555,5,1.0,36812_1#373_plasmid_AF100
-21.125910655502313,-9.415271696382941,73,0.9256394898152526,36812_1#381_plasmid_AF100
-3.847086891698864,3.3131981441480645,55,1.0,36812_1#382_plasmid_AF100
-5.8374739184070075,34.024882800201,53,0.9234071980234032,36812_1#383_plasmid_AB946
-8.084635891729643,-42.21942656540024,11,1.0,36812_1#40_plasmid_AF100
-21.559684133941104,-9.163887153213789,73,1.0,36812_1#42_plasmid_AF100
-8.267170816367724,-44.41768487464802,5,0.01601000843175816,36812_1#44_plasmid_AF100
-22.271282572600956,12.018739212152726,65,1.0,36812_1#47_plasmid_AF100
-19.661390190348147,3.043581936910697,20,0.018117409519491548,36812_1#48_plasmid_AF100
-9.3316031302728,-48.6215082318399,-1,0.0,36812_1#59_plasmid_AF100
-21.73738713738298,-9.662344299704975,73,1.0,36812_1#6_plasmid_AF100
-22.46711426032045,12.140931678284716,65,0.06971968675438137,36812_1#78_plasmid_AF100
-33.60622260165967,16.192802447950754,12,0.00014592536400334047,36812_1#81_plasmid_AF100
9.737980278339448,46.72625677251554,41,0.818834144245321,36812_1#93_plasmid_AB621
-21.80185838510163,-10.494572182208643,73,1.0,36812_2#128_plasmid_AF100
-19.68835693760717,3.0145734280135628,20,1.0,36812_2#153_plasmid_AF100
-3.848812121254126,3.3069635383842755,59,1.0,36812_2#156_plasmid_AF100
9.48373473594723,45.84244729441241,50,0.9278356062924704,36812_2#178_plasmid_AB621
-23.64091513475255,11.903983927569096,-1,0.0,36812_2#183_plasmid_AF100
-8.084635977871304,-42.21942646093092,11,0.7512362698476349,36812_2#211_plasmid_AF100
-19.689009371478985,3.0145644596188457,20,0.6709411365361403,36812_2#212_plasmid_AF100
-7.878209374872128,-43.23702039045659,43,1.0,36812_2#219_plasmid_AF100
-21.461930195721184,-10.318106894624218,73,1.0,36812_2#22_plasmid_AF100
6.7284047323494445,30.05389778009249,-1,0.0,36812_2#242_plasmid_novel_dd75e64596acf766af00a25deaf5352c
-19.61934925496168,2.90905174381768,20,0.005780299816128969,36812_2#245_plasmid_AF100
-23.823653012917767,10.86822038645819,63,0.999878156594197,36812_2#250_plasmid_AF100
-21.93546299749531,-9.920687355900832,73,1.0,36812_2#251_plasmid_AF100
-20.792262785470115,-9.955328417628845,73,1.0,36812_2#256_plasmid_AF100
-8.787771748374846,-0.3163415136778771,90,0.00020227498263645255,36812_2#283_plasmid_AF100
-21.195165172917637,-9.295569749169848,73,1.0,36812_2#308_plasmid_AF100
-19.68769589133809,3.014326185393579,20,1.0,36812_2#319_plasmid_AF100
-21.262037409024412,-10.033482993874783,73,1.0,36812_2#340_plasmid_AF100
-2.702216078870279,31.579293664723334,56,0.526708626709005,36812_2#342_plasmid_AB946
-27.752486796411137,-11.897946944361518,32,0.9834535350450979,36812_2#349_plasmid_AF100
-14.61262654721658,-9.111281425724828,51,1.0,36812_2#352_plasmid_AF100
-3.8486042707428982,3.3074172077527533,60,1.0,36812_2#62_plasmid_AF100
-9.3411472366867,-48.50285422536781,23,1.0,36812_2#82_plasmid_AF100
-23.859283028514295,10.78328072124847,64,1.0,36982_2#124_plasmid_AF100
3.7651818503224437,12.931966454683531,62,1.0,36982_2#148_plasmid_AF098
-23.939961442847704,10.522225119590525,-1,0.0,36982_2#156_plasmid_AF100
3.3758423253568326,12.651283676037549,61,0.9984493492808024,36982_2#158_plasmid_AF098
-27.75248865021667,-11.897893046839815,32,0.8538549217898804,36982_2#160_plasmid_AF100
-20.593714498162115,-10.478243202776534,73,1.0,36982_2#188_plasmid_AF100
-8.46482738653068,-1.1639377065564447,90,1.0,36982_2#256_plasmid_AF100
-21.225090032482868,-11.393237775594459,73,1.0,36982_2#276_plasmid_AF100
-8.966976966670646,1.2734075891942997,95,0.9996582681046895,36982_2#346_plasmid_AF100
-7.877954895964074,-43.23666668476544,43,0.7138235776578942,36983_1#102_plasmid_AF100
-5.124414046128036,28.491994498482224,-1,0.0,36983_1#103_plasmid_AB946
-21.12630997189754,4.029024412959879,20,0.00041189285433397446,36983_1#107_plasmid_AF100
-5.606049256183645,30.207909692863083,87,1.0,36983_1#10_plasmid_AB946
2.3015422946533595,14.048420191671882,-1,0.0,36983_1#110_plasmid_AF098
-6.061009382524553,30.65622555617853,87,1.0,36983_1#115_plasmid_AB946
-19.736714875192657,6.963667385539583,57,1.0,36983_1#126_plasmid_AF100
-25.580590461514053,-9.928037488673747,-1,0.0,36983_1#128_plasmid_AF100
-35.32366250139343,15.386188943165212,31,1.7661179108291934e-07,36983_1#130_plasmid_AF100
5.176029988086972,30.831348000627106,81,0.465042617359834,36983_1#130_plasmid_novel_f15ab5254942466d924d099ed2d0243a
-0.03544466277192604,13.02178783506837,7,0.36888978280791096,36983_1#132_plasmid_AF098
-20.804234921919946,-11.002392482229,73,0.985219288149602,36983_1#145_plasmid_AF100
-18.427018864746795,5.407620785706763,71,1.0,36983_1#149_plasmid_AF100
-20.777424951059956,-10.967328953413471,73,0.9019913084226552,36983_1#152_plasmid_AF100
2.7646707592969735,12.574810740195579,74,1.0,36983_1#165_plasmid_AF098
-20.64298198646183,-10.746521783259878,73,1.0,36983_1#169_plasmid_AF100
-6.382130509498245,30.521596325976603,85,1.0,36983_1#174_plasmid_AB946
-35.33657804529484,15.399614939794894,30,0.0949425793969316,36983_1#176_plasmid_AF100
5.425379419799926,30.887786170557906,77,1.0,36983_1#176_plasmid_novel_ddd227b1761692236b12d550b3f57ccf
-21.542657714028426,-10.750426590196149,73,1.0,36983_1#177_plasmid_AF100
11.306022751946902,-0.0355808708231562,18,0.9817023848338832,36983_1#178_plasmid_AE025
-21.354121053094815,-11.111129385060718,73,1.0,36983_1#185_plasmid_AF100
5.167960550384317,30.611071473256562,81,1.0,36983_1#187_plasmid_novel_f42c984c5c68ecd548f3988889265e6f
-8.893742278979056,0.8501295898378706,98,1.0,36983_1#192_plasmid_AF100
-9.224651987364421,-44.16520620561218,5,0.0005600660177176544,36983_1#204_plasmid_AF100
-23.823596687614575,10.868645514910531,63,1.0,36983_1#212_plasmid_AF100
-35.33454350258667,15.396916813643134,30,1.8203303218601342e-07,36983_1#213_plasmid_AF100
5.423895610667238,30.88134182868339,76,1.0,36983_1#213_plasmid_novel_56b1eea500397ddc7d8f72a322d03a90
-35.31262395239834,15.384184380128017,31,1.0,36983_1#219_plasmid_AF100
5.137419234445931,30.717867810805583,81,0.5449432945465784,36983_1#219_plasmid_novel_1542f46dea18d0b342d53899d34226f9
-2.702219593311784,31.57963648687485,56,0.8463962026222629,36983_1#229_plasmid_AB946
-33.60268565023722,16.19935519996806,12,1.0,36983_1#250_plasmid_AF100
-10.84487462739562,1.306365232124431,91,1.0,36983_1#255_plasmid_AF100
-34.7080029556646,17.000712185246577,13,0.9843336728872613,36983_1#260_plasmid_AF100
-34.74695286873951,17.187620974159742,13,0.1114109538028719,36983_1#264_plasmid_AF100
10.381261392943946,46.71767648443844,50,1.0,36983_1#272_plasmid_AB621
-34.746953847289916,17.187623962375092,13,0.11140881699764056,36983_1#274_plasmid_AF100
-5.788199075700928,30.61068115844885,87,1.0,36983_1#275_plasmid_AB946
-0.03544468443280202,13.021787869615801,7,0.3688868077776387,36983_1#277_plasmid_AF098
9.351846596767295,46.523967586981755,41,0.8564685069773391,36983_1#278_plasmid_AB621
5.423895610453865,30.881341828871363,76,1.0,36983_1#27_plasmid_novel_e8c40b0f4850a17145382a0f7ed7d2f5
-21.29062906614484,-10.625942289329362,73,1.0,36983_1#311_plasmid_AF100
-22.189304956224685,-10.634109517115265,73,1.0,36983_1#315_plasmid_AF100
-19.891432688854934,5.917392886299672,72,0.7787858106066101,36983_1#319_plasmid_AF100
-22.006522003079837,-11.214897944768571,73,0.9955797328073217,36983_1#322_plasmid_AF100
-22.109149065512977,-11.16675067475131,73,0.990183562523443,36983_1#323_plasmid_AF100
3.7651818503225014,12.931966454683645,62,1.0,36983_1#326_plasmid_AF098
-35.30017863910213,15.39514852453324,19,0.5682548751809154,36983_1#330_plasmid_AF100
-21.11313268684045,4.007519291459761,20,0.0004173801369182909,36983_1#333_plasmid_AF100
-5.124414028713906,28.491994542401223,-1,0.0,36983_1#356_plasmid_AB946
-5.124414028830934,28.49199454216017,-1,0.0,36983_1#358_plasmid_AB946
-22.785698416891744,-13.400633238544433,-1,0.0,36983_1#35_plasmid_AF100
-34.7070099960298,17.000723287127713,13,1.0,36983_1#366_plasmid_AF100
3.380478237711964,12.631496686991875,61,1.0,36983_1#370_plasmid_AF098
3.380478237711811,12.631496686991715,61,0.9999999999940055,36983_1#376_plasmid_AF098
-21.153723671431905,-11.318192911693629,73,1.0,36983_1#39_plasmid_AF100
-21.798698820723583,-10.939545353338195,73,1.0,36983_1#44_plasmid_AF100
-22.87402140306318,-10.628863354089098,73,1.0,36983_1#54_plasmid_AF100
-22.589799751308597,-11.598446598630368,73,1.0,36983_1#67_plasmid_AF100
-8.46463616114843,-1.1639551015610583,90,0.9550931355267976,36983_1#75_plasmid_AF100
-22.375823884875523,-10.781344776837205,73,1.0,36983_1#87_plasmid_AF100
-35.31262395239834,15.384184380128016,31,1.0,36983_1#89_plasmid_AF100
5.201577518509976,30.56104063611465,81,1.0,36983_1#89_plasmid_novel_9a8e27f9a8b36e52c2e34320b2dca18c
-22.982807089335555,-9.623436038082994,73,1.0,36983_2#119_plasmid_AF100
-14.716587978442666,-2.0519905995929317,54,0.20160070978599082,36983_2#124_plasmid_AF100
-26.74160288195796,-7.800343349011722,-1,0.0,36983_2#133_plasmid_AF100
5.424115825345532,30.888293576394236,77,1.0,36983_2#137_plasmid_novel_fb33d66b7906966d373043a57d796e63
-6.4414951204816235,30.04654889898305,86,1.0,36983_2#144_plasmid_AB946
-9.33439548643371,-48.50708102129184,3,1.0,36983_2#157_plasmid_AF100
-14.612712289662289,-9.111612459498621,51,1.0,36983_2#158_plasmid_AF100
-7.8782348574207814,-43.23688989896415,43,1.0,36983_2#161_plasmid_AF100
-6.4353964686775695,30.02464327543684,86,0.522284279007119,36983_2#172_plasmid_AB946
-23.21045456228218,-10.064088020388143,73,0.9356621519285084,36983_2#176_plasmid_AF100
-6.4464450316567925,30.061680995297902,86,1.0,36983_2#198_plasmid_AB946
-23.013580214664106,-9.83012204953957,73,1.0,36983_2#230_plasmid_AF100
-22.940735306522875,-11.350588004597746,73,1.0,36983_2#235_plasmid_AF100
-23.339442192533873,-10.873126449024342,73,1.0,36983_2#262_plasmid_AF100
-6.118369152234712,29.810129912581353,87,1.0,36983_2#26_plasmid_AB946
-6.524467610012329,0.021548464701798498,84,0.002623519176358319,36983_2#274_plasmid_AF100
-23.28933667776725,-11.146012892664524,73,1.0,36983_2#313_plasmid_AF100
-23.66593820027935,-10.483788262451705,73,1.0,36983_2#319_plasmid_AF100
-35.33657804884183,15.399614945603496,30,0.7610631060230596,36983_2#323_plasmid_AF100
5.423812472915564,30.888383140903002,77,1.0,36983_2#323_plasmid_novel_7252eae1d6e12be301dc0056f22092f7
-8.964287770433703,0.9645952156518441,98,0.3187719132373739,36983_2#328_plasmid_AF100
-6.135832930588916,29.806309509975556,87,1.0,36983_2#332_plasmid_AB946
-23.071985470072917,-10.566052836783037,73,1.0,36983_2#334_plasmid_AF100
-6.074849160782005,30.643244496829343,87,1.0,36983_2#351_plasmid_AB946
2.689086696633723,12.644696026513156,75,1.0,36983_2#362_plasmid_AF098
-35.29634073796592,15.380746335969228,19,1.0,36983_2#363_plasmid_AF100
5.172166839019249,30.82396870726955,81,0.4956245940282323,36983_2#363_plasmid_novel_3f8fbf9cc90fca5c329d5bb364c99769
3.380478237711964,12.631496686991875,61,1.0,36983_2#371_plasmid_AF098
5.167822220890504,30.611285834730502,81,1.0,36983_2#371_plasmid_novel_6d316276eda241ec0fac4a3c8f98d942
-23.20619568563451,-10.18633567398176,73,1.0,36983_2#372_plasmid_AF100
-6.330314289886724,-2.998571312291239,58,1.0,36983_2#375_plasmid_AF100
-5.73523490590406,29.977777084785625,87,1.0,36983_2#382_plasmid_AB946
-35.2974189315952,15.389147143421566,19,1.0,36983_2#42_plasmid_AF100
5.178155220730069,30.610794953020388,81,1.0,36983_2#42_plasmid_novel_781097c565a2d79af31c589179be2b68
-23.654340939411597,-10.493514719505317,73,1.0,36983_2#47_plasmid_AF100
-35.3126239527483,15.38418438026693,31,1.0,36983_2#69_plasmid_AF100
5.339162624810234,30.523360201071704,80,1.0,36983_2#69_plasmid_novel_058a9c5c6f0355e99dfddf5ddd1752b6
-35.31262395090664,15.384184379535945,31,1.0,36983_2#74_plasmid_AF100
5.42537941981516,30.887786170712307,77,1.0,36983_2#74_plasmid_novel_fcd2fb894595482f23499650f81c4184
2.6559590665316493,12.728825503558395,75,0.0055209294131844,36983_2#83_plasmid_AF098
-8.084635453455443,-42.21942708912502,11,0.8355695453589694,36983_2#96_plasmid_AF100
-22.724899470519873,-10.932245603813046,73,1.0,36983_2#99_plasmid_AF100
-19.90977283174227,5.931625815116214,72,1.0,36984_2#102_plasmid_AF100
-8.635659403687162,1.465303598941631,92,1.0,36984_2#109_plasmid_AF100
-20.735880499711318,-9.052158233405622,73,0.8927884077597944,36984_2#110_plasmid_AF100
-9.389701083541043,-43.50483175888296,-1,0.0,36984_2#111_plasmid_AF100
-5.838115037775451,34.02517814228088,53,0.9234798712265391,36984_2#113_plasmid_AB946
11.343536658396548,-0.007928866074526919,18,0.10744767528780476,36984_2#130_plasmid_AE025
-14.61272379055457,-9.111023859539113,51,1.0,36984_2#145_plasmid_AF100
-6.177349092102287,30.663992905572254,85,0.2932936258795857,36984_2#155_plasmid_AB946
-6.078269018991479,29.811984926874135,87,1.0,36984_2#163_plasmid_AB946
-9.334467263966403,-48.5061105167802,3,1.0,36984_2#173_plasmid_AF100
-5.628408536735247,30.09139503329933,87,1.0,36984_2#175_plasmid_AB946
-21.52909374512349,-13.666472619756203,97,0.9671586007318472,36984_2#182_plasmid_AF100
-5.629739636763595,30.382089775615995,87,0.8871787627140484,36984_2#185_plasmid_AB946
-0.03242600570314136,13.019461604115575,7,0.8228383768705758,36984_2#191_plasmid_AF098
-23.823596690496885,10.868645507570792,63,1.0,36984_2#195_plasmid_AF100
-20.7324279495615,6.289308216028281,-1,0.0,36984_2#196_plasmid_AF100
-21.44047248861847,-7.037495814419755,96,1.0,36984_2#197_plasmid_AF100
-19.278558024941315,-8.70065011674861,96,1.0,36984_2#1_plasmid_AF100
-6.283005516058306,29.89029265011413,87,0.8516583237739215,36984_2#203_plasmid_AB946
-19.923188979556368,5.9153624504956595,72,0.8710360367344047,36984_2#218_plasmid_AF100
-0.03203081340797609,13.02024086370624,7,1.0,36984_2#220_plasmid_AF098
-17.745153678376557,4.369360362380878,-1,0.0,36984_2#233_plasmid_AF100
2.6801111519297454,12.653329516187409,75,0.020772341933194997,36984_2#237_plasmid_AF098
-35.33657804904716,15.39961494507672,30,0.8531206748212837,36984_2#26_plasmid_AF100
5.42248915993784,30.881130856204603,76,4.2186272694548166e-07,36984_2#26_plasmid_novel_330fae4f79bbb1fe2faaa49d677e83bf
-20.407681508656857,-10.298304157894467,73,0.9167258916674871,36984_2#280_plasmid_AF100
-6.413628675517867,30.484177557040017,85,1.0,36984_2#292_plasmid_AB946
-10.844874627483556,1.3063652320396744,91,1.0,36984_2#29_plasmid_AF100
-5.792444358369115,30.613703030187153,87,1.0,36984_2#304_plasmid_AB946
-19.186852224004838,7.550373474293676,57,1.0,36984_2#304_plasmid_AF100
-14.612755247234439,-9.111406771549133,51,1.0,36984_2#30_plasmid_AF100
-22.96314465375431,-7.0467267385329215,96,1.0,36984_2#314_plasmid_AF100
-6.3340217147662425,-3.00740965289158,58,0.10141471002150115,36984_2#320_plasmid_AF100
-18.42319035859793,-9.563026439735792,-1,0.0,36984_2#329_plasmid_AF100
-6.451696877227577,30.082410168160948,86,0.644376552947182,36984_2#330_plasmid_AB946
-24.23751738566097,-7.809745450846293,96,1.0,36984_2#333_plasmid_AF100
-6.4557201537949105,30.065909942918267,86,1.0,36984_2#336_plasmid_AB946
-19.83079603857499,-7.930599970659939,96,1.0,36984_2#339_plasmid_AF100
-8.192730167008353,-44.39923173564115,5,0.00510703174569121,36984_2#346_plasmid_AF100
-35.332412205250805,15.39419746332092,30,9.001111009374462e-08,36984_2#370_plasmid_AF100
-6.395351366998524,-44.271147542379,4,1.0,36984_2#374_plasmid_AF100
-19.10582188962125,-9.389332917738441,96,1.0,36984_2#375_plasmid_AF100
-23.582093283111362,-7.268166620762756,96,1.0,36984_2#382_plasmid_AF100
-25.194327478210695,-11.322699515788823,-1,0.0,36984_2#384_plasmid_AF100
-6.358455035351259,30.554750076463243,85,0.6924786380540765,36984_2#49_plasmid_AB946
-6.610702295072978,0.41472934954101326,84,1.0,36984_2#54_plasmid_AF100
-20.582481564497428,-9.274286884088287,73,0.9398449457089966,36984_2#56_plasmid_AF100
-6.178483587037989,29.82441484758765,87,1.0,36984_2#64_plasmid_AB946
-14.610381997294528,-9.108966658449077,52,1.0,36984_2#64_plasmid_AF100
-20.8182980923818,-8.840462786380666,73,1.0,36984_2#78_plasmid_AF100
-8.588901638572413,1.458287394956834,92,1.0,36984_2#86_plasmid_AF100
-19.7375284611486,6.962864554491313,57,1.0,36984_2#87_plasmid_AF100
-21.095472172403,-8.664459241648602,73,0.9911535626212562,36984_2#94_plasmid_AF100
-5.8393347706460625,34.02553853316425,53,0.5124861348952161,36984_2#9_plasmid_AB946
-3.84869557679307,3.3074072475581255,60,1.0,36985_1#114_plasmid_AF100
-9.341110374120069,-48.502855297201734,23,1.0,36985_1#118_plasmid_AF100
-18.85397651879577,-13.945982263920886,-1,0.0,36985_1#11_plasmid_AF100
-18.44755123940414,-10.784716118570723,-1,0.0,36985_1#128_plasmid_AF100
11.54586055588954,0.17170694308473577,-1,0.0,36985_1#131_plasmid_novel_240493d5bd8093208cc541399aacc2c2
-8.548937624462091,30.144833560127466,42,1.0,36985_1#154_plasmid_AB946
-8.084608992852509,-42.21945826547832,10,1.0,36985_1#167_plasmid_AF100
-25.230119659148,-9.396771472266778,89,1.0,36985_1#177_plasmid_AF100
-3.848626589876953,3.3074062894250615,60,1.0,36985_1#197_plasmid_AF100
-23.85933266025765,10.783560094712062,64,1.0,36985_1#198_plasmid_AF100
-23.859332736081424,10.783559917475959,64,1.0,36985_1#213_plasmid_AF100
-22.25561550761745,-6.9427625039400755,96,1.0,36985_1#219_plasmid_AF100
-23.63847050105788,11.903206531410357,-1,0.0,36985_1#245_plasmid_AF100
-18.707880452443714,5.61050436105366,71,0.36128419364165903,36985_1#261_plasmid_AF100
-21.913476431055283,-6.165243583304371,-1,0.0,36985_1#270_plasmid_AF100
9.646158259290013,47.60601928491735,50,1.0,36985_1#277_plasmid_AB621
8.64359408123068,46.69839953784049,50,1.0,36985_1#285_plasmid_AB621
10.180809232217277,47.22896204892598,50,1.0,36985_1#317_plasmid_AB621
-33.60386877859922,16.19950571802821,12,0.0009108222583604307,36985_1#317_plasmid_AF100
-22.825077693182298,12.180874995996719,66,0.3242901452288988,36985_1#318_plasmid_AF100
-35.33657804914475,15.39961494485415,30,0.6381283886251166,36985_1#326_plasmid_AF100
5.0880822076281955,30.735392832340278,81,0.465042617359834,36985_1#326_plasmid_novel_a39a9c7f7aa6650c621c471203a08346
-20.61771865476836,-7.337249420561713,96,1.0,36985_1#33_plasmid_AF100
-5.675950003741479,30.468249793490756,87,1.0,36985_1#340_plasmid_AB946
11.31196565343388,-0.029784223911369923,18,0.6402931017924645,36985_1#354_plasmid_AE025
-20.472530255341386,-9.519799285249562,73,0.8646829794184095,36985_1#354_plasmid_AF100
-20.713057724182352,-6.472906502298706,-1,0.0,36985_1#358_plasmid_AF100
-9.341844233012399,-48.50217457171365,-1,0.0,36985_1#35_plasmid_AF100
-8.93039321317277,1.336348650598509,95,0.664084925656037,36985_1#369_plasmid_AF100
-6.5244676170783205,0.02154844986349458,84,0.0026235190916821306,36985_1#376_plasmid_AF100
-33.60268496765414,16.199356206749897,12,0.8933347499245632,36985_1#44_plasmid_AF100
-23.300433017542883,-8.907020616299175,73,0.9931643871464829,36985_1#4_plasmid_AF100
-24.885578188910042,-8.17427016431563,-1,0.0,36985_1#53_plasmid_AF100
-19.449372880976348,5.697450276903698,72,0.03719270403458705,36985_1#59_plasmid_AF100
-19.70490814395671,-7.13175965575623,-1,0.0,36985_1#75_plasmid_AF100
9.120272433797611,47.523035195745535,22,1.0,36985_1#80_plasmid_AB621
-24.38156248189514,-6.956134732327598,-1,0.0,36985_1#82_plasmid_AF100
-9.341099568032053,-48.503385805140326,24,1.0,36985_1#83_plasmid_AF100
-25.202350337934003,-10.610989331819905,89,1.0,36985_1#86_plasmid_AF100
-24.78457894844848,-11.827165254179409,97,1.0,36985_2#111_plasmid_AF100
-23.86005530121035,10.784945590647935,64,1.0,36985_2#114_plasmid_AF100
10.066740425158919,46.10928222428724,50,1.0,36985_2#126_plasmid_AB621
-18.90478413912159,-11.918345059564695,-1,0.0,36985_2#126_plasmid_AF100
2.5313733306390005,12.30875556716907,-1,0.0,36985_2#136_plasmid_AF098
10.415687478743333,48.6215082318399,-1,0.0,36985_2#144_plasmid_AB621
-9.341077880602684,-48.5033198413001,24,1.0,36985_2#153_plasmid_AF100
-22.954216485915342,12.290116807809973,66,0.8032359592753392,36985_2#165_plasmid_AF100
-18.854029015746324,-13.945986808459741,-1,0.0,36985_2#18_plasmid_AF100
-19.064079191439344,-10.331959673739785,96,1.0,36985_2#199_plasmid_AF100
-22.58474585835288,9.360281674679339,-1,0.0,36985_2#210_plasmid_AF100
-8.53547935957588,1.4431100299066995,92,0.9403408118914507,36985_2#214_plasmid_AF100
3.7651818503224455,12.931966454683533,62,1.0,36985_2#219_plasmid_AF098
-22.281217148648793,12.023863663127084,65,1.0,36985_2#21_plasmid_AF100
2.7646707592969717,12.574810740195579,74,1.0,36985_2#222_plasmid_AF098
-19.462404981921413,5.727765039711226,72,0.03915007671180423,36985_2#231_plasmid_AF100
-3.8487579821095674,3.306998844721858,59,1.0,36985_2#234_plasmid_AF100
-20.428090507945114,-9.743616730684522,73,1.0,36985_2#250_plasmid_AF100
-19.292321500495138,-11.204799775255257,96,1.0,36985_2#252_plasmid_AF100
-18.84521043735343,-8.059017037905308,-1,0.0,36985_2#254_plasmid_AF100
-21.25759629521722,7.13971026548638,-1,0.0,36985_2#258_plasmid_AF100
-21.25651331041182,-12.900840743352806,97,1.0,36985_2#259_plasmid_AF100
-3.8472154001343997,3.3127476935439413,55,1.0,36985_2#266_plasmid_AF100
-9.341147491107906,-48.5028541036758,23,1.0,36985_2#271_plasmid_AF100
-3.846547240782519,3.312609272104485,55,0.5864489013828745,36985_2#272_plasmid_AF100
11.264058233773689,-0.07121226576177841,17,1.0,36985_2#280_plasmid_novel_a382882662ffea703590d453daee6a28
-10.559549708606912,-2.1919406264618386,79,0.6463234336535035,36985_2#308_plasmid_AF100
-22.584101913680147,9.359324794853485,-1,0.0,36985_2#317_plasmid_AF100
-7.880729087914319,-43.23768490716377,25,0.29536389393263457,36985_2#336_plasmid_AF100
-11.798094269629454,-6.072004832387868,-1,0.0,36985_2#338_plasmid_AF100
-34.74199781312433,17.165115232218305,13,0.12975155843828778,36985_2#341_plasmid_AF100
2.764670760514379,12.574810740313799,74,1.0,36985_2#343_plasmid_AF098
11.264066831037269,-0.07120399509222874,17,1.0,36985_2#360_plasmid_novel_071630adf7395bed54463d0ce41009d5
-23.015714174928462,-9.405578823435372,73,1.0,36985_2#367_plasmid_AF100
-35.33657804839089,15.399614946633076,30,1.0,36985_2#40_plasmid_AF100
5.339162624810349,30.523360201064133,80,1.0,36985_2#40_plasmid_novel_058a9c5c6f0355e99dfddf5ddd1752b6
-23.748331414878663,-9.843979197489459,73,1.0,36985_2#49_plasmid_AF100
-23.75313179976409,-9.843628472786165,73,1.0,36985_2#62_plasmid_AF100
-3.8487024899380606,3.3069637702699755,59,1.0,36985_2#77_plasmid_AF100
-19.462405263183097,5.727464142379398,72,0.039139941307840445,36985_2#88_plasmid_AF100
-6.330887836830395,-2.997892635516367,58,1.0,36985_2#90_plasmid_AF100
-35.33657804850266,15.399614946377934,30,1.0,36985_2#99_plasmid_AF100
5.423895610239304,30.881341829060343,76,1.0,36985_2#99_plasmid_novel_c09f917e4282e62f14a02ca58a181492
-18.489570662678375,5.484044766311309,71,0.955948519555347,37017_1#150_plasmid_AF100
-33.6026856664063,16.199354960475933,12,0.8344651324612806,37017_1#190_plasmid_AF100
-5.112746788463987,34.13935665533272,53,0.0008892994501006336,37017_1#20_plasmid_AB946
-23.62580566128966,-9.457935073048159,73,1.0,37017_1#20_plasmid_AF100
9.578623955004899,46.89685665810593,41,1.0,37017_1#221_plasmid_AB621
-23.601143982811465,-9.350389816780247,73,0.9009905311044009,37017_1#242_plasmid_AF100
-22.779088835216328,12.102656979046023,66,0.23745483179136917,37017_1#251_plasmid_AF100
9.344119041140445,47.001909892660706,41,1.0,37017_1#281_plasmid_AB621
-24.5127275726298,-12.562245416715992,-1,0.0,37017_1#282_plasmid_AF100
9.803681609586727,46.24031104458206,50,0.9963710324328826,37017_1#285_plasmid_AB621
8.637762286900955,46.64192192443207,50,1.0,37017_1#307_plasmid_AB621
9.36394183341859,45.84806255624916,50,1.0,37017_1#30_plasmid_AB621
3.7023414152352583,12.885174102691362,62,1.0,37017_1#339_plasmid_AF098
-4.5435307776997025,30.989829114336843,-1,0.0,37017_1#352_plasmid_AB946
-22.319682198215325,-11.696552299767658,73,1.0,37017_1#82_plasmid_AF100
-5.7606142347086795,30.583159725009793,87,1.0,37017_2#106_plasmid_AB946
-22.929989000619724,-11.505509031717898,73,1.0,37017_2#121_plasmid_AF100
-20.732427950881007,6.289308215492677,-1,0.0,37017_2#127_plasmid_AF100
-11.785156834120448,-6.062233148368204,-1,0.0,37017_2#142_plasmid_AF100
-5.8366333797756695,34.024455669964894,53,1.0,37017_2#145_plasmid_AB946
-7.880729087909058,-43.237684907148335,25,0.29536389132475366,37017_2#154_plasmid_AF100
-27.752449469612493,-11.897925124448111,32,1.0,37017_2#162_plasmid_AF100
-22.495938303634087,-11.621584640339151,73,1.0,37017_2#168_plasmid_AF100
-9.811436466727548,2.7794704743180807,-1,0.0,37017_2#181_plasmid_AF100
2.689086696633722,12.644696026513154,75,1.0,37017_2#182_plasmid_AF098
-6.392779448270312,-44.28666027081859,4,1.0,37017_2#191_plasmid_AF100
-23.29412219258007,-11.2426585379943,73,1.0,37017_2#1_plasmid_AF100
-7.8781444581292,-43.23718599086871,43,1.0,37017_2#20_plasmid_AF100
-6.330192652071602,-2.9985779965331663,58,1.0,37017_2#210_plasmid_AF100
-9.389701104440539,-43.50483143063428,-1,0.0,37017_2#211_plasmid_AF100
-24.498264683096675,-15.17613254014935,46,1.0,37017_2#212_plasmid_AF100
-5.604025947251198,30.349405716269448,87,1.0,37017_2#213_plasmid_AB946
-21.804175522152047,-11.643026951617047,73,0.980007303925179,37017_2#223_plasmid_AF100
-11.734743583183425,-0.18656020028726683,-1,0.0,37017_2#229_plasmid_AF100
-26.706527764935643,-7.819544355839014,-1,0.0,37017_2#236_plasmid_AF100
-14.72366974983535,-2.058981857535953,54,1.0,37017_2#246_plasmid_AF100
-21.894346781541465,-11.667330526680109,73,0.9971195528909164,37017_2#24_plasmid_AF100
-5.837473922525855,34.02488292404412,53,0.9234798712265391,37017_2#252_plasmid_AB946
-22.47822756994965,-10.093959164753805,73,1.0,37017_2#253_plasmid_AF100
-21.443931372445935,-11.550138691392133,73,1.0,37017_2#265_plasmid_AF100
2.2008793975137495,13.154191074405341,40,1.0,37017_2#274_plasmid_AF098
-22.423624870547673,-9.839532263779555,73,1.0,37017_2#279_plasmid_AF100
-8.570768429330144,30.151237969101942,42,0.01389950880840428,37017_2#303_plasmid_AB946
-24.498473765958877,-15.176134715191164,46,1.0,37017_2#303_plasmid_AF100
-22.556575929670633,-9.60958602973062,73,1.0,37017_2#307_plasmid_AF100
-22.666250467155255,-9.26383187667525,73,1.0,37017_2#30_plasmid_AF100
-8.464827417465681,-1.1639371500153257,90,1.0,37017_2#312_plasmid_AF100
-22.57036929732434,-10.197708015760426,73,1.0,37017_2#316_plasmid_AF100
-8.084635665748241,-42.219426797930566,11,1.0,37017_2#318_plasmid_AF100
-6.330594238820628,-2.9985808369998654,58,1.0,37017_2#320_plasmid_AF100
-24.498393632291766,-15.176070936031518,46,1.0,37017_2#321_plasmid_AF100
-6.390402254521466,-44.25047978783711,4,1.0,37017_2#333_plasmid_AF100
-8.54894617078244,30.14483427347719,42,1.0,37017_2#336_plasmid_AB946
-14.724959948081743,-2.05882715086257,54,1.0,37017_2#34_plasmid_AF100
-27.752464178959322,-11.897909244450405,32,1.0,37017_2#352_plasmid_AF100
-22.727499865092625,-10.324970270392939,73,1.0,37017_2#354_plasmid_AF100
-14.610449767130168,-9.108966336610102,52,1.0,37017_2#357_plasmid_AF100
-14.725308713982924,-2.0589683024328145,54,1.0,37017_2#360_plasmid_AF100
-34.71282384906608,17.028205200513014,13,0.6507167357691824,37017_2#364_plasmid_AF100
-14.610594774220596,-9.108952128093271,52,1.0,37017_2#365_plasmid_AF100
-7.881013162996814,-43.239757772663864,25,1.0,37017_2#62_plasmid_AF100
-21.646224590500925,-9.363389464790949,73,1.0,37017_2#63_plasmid_AF100
-21.73867194472842,-9.58395990929893,73,1.0,37017_2#75_plasmid_AF100
-22.13757657854411,-9.907571369256846,73,1.0,37017_2#7_plasmid_AF100
-22.954216475938757,12.290116829209651,66,0.8032362041986841,37017_2#87_plasmid_AF100
-5.837375758926133,34.0248351137449,53,1.0,37017_2#8_plasmid_AB946
-5.926941776081582,30.670768698261615,87,1.0,37017_2#96_plasmid_AB946
-34.70237301304563,17.018284534033832,13,1.0,37311_1#101_plasmid_AF100
-21.768416559131655,-8.912464264371396,73,1.0,37311_1#229_plasmid_AF100
-21.747772143388225,-8.448852663229097,73,1.0,37311_1#231_plasmid_AF100
-8.548935620559263,30.144286751921204,42,0.5774507658612008,37311_1#259_plasmid_AB946
-14.61047799309739,-9.108428640399582,52,0.41706759575666236,37311_1#291_plasmid_AF100
-6.61073931323048,0.41423194598583324,84,1.0,37311_1#299_plasmid_AF100
-8.548937096157236,30.144832638082246,42,1.0,37311_1#73_plasmid_AB946
-21.531936094138384,-8.494981543138342,73,1.0,37311_1#75_plasmid_AF100
-14.724815444657432,-2.0571283154232742,54,1.0,37311_1#97_plasmid_AF100
-0.03242600567032872,13.019461603812825,7,0.8228382327800556,37822_1#51_plasmid_AF098
-5.948678825029556,29.8178013398338,87,1.0,38087_1#116_plasmid_AB946
-21.785024299737547,-8.417057480705381,73,0.9602201089183732,38087_1#148_plasmid_AF100
2.689086696633721,12.644696026513154,75,1.0,38087_1#178_plasmid_AF098
-5.836475857095801,34.0244178264054,53,1.0,38087_1#186_plasmid_AB946
-5.836031270367749,34.02438822299588,53,0.8337974752319878,38087_1#188_plasmid_AB946
11.26346714897656,-0.07176560679460375,17,1.0,38087_1#210_plasmid_novel_9ae0ee4fc2c591bbe7869e621fab222b
-8.944950724493083,1.3138229590125723,95,1.0,38087_1#212_plasmid_AF100
-8.084608962854608,-42.219458301292676,10,1.0,38087_1#24_plasmid_AF100
-21.738512152009022,-10.156231965321847,73,1.0,38087_1#253_plasmid_AF100
-22.08653622799739,-9.025928767802117,73,1.0,38087_1#255_plasmid_AF100
-8.54888408815377,30.145144344874094,42,1.0,38087_1#283_plasmid_AB946
-24.498432875573716,-15.176101097667278,46,1.0,38087_1#30_plasmid_AF100
-14.610265087235332,-9.108318928841317,52,0.3398631769310268,38087_1#317_plasmid_AF100
-34.7031602270597,17.016811480509844,13,1.0,38087_1#338_plasmid_AF100
-6.611665266717439,0.4142989410762591,84,1.0,38087_1#341_plasmid_AF100
-26.706407694125165,-7.819659363817006,-1,0.0,38087_1#372_plasmid_AF100
-5.598504494785603,30.153502124409677,87,1.0,38087_1#375_plasmid_AB946
-22.298050707231162,-9.441833539555214,73,1.0,38087_1#82_plasmid_AF100
4.240463930196374,13.054178516931964,-1,0.0,38087_1#86_plasmid_AF098
-6.387412174676474,30.51644822935015,85,1.0,38087_1#90_plasmid_AB946
-14.610605693703391,-9.10896684740654,52,1.0,38087_1#90_plasmid_AF100
-22.206162208379457,-9.318750268145184,73,1.0,38087_1#94_plasmid_AF100
17.72658746043884,-12.887407229919642,35,1.0,46321_1#115_plasmid_AG261
13.100243445847811,-11.116653145765834,38,0.00011465363959277994,46321_1#125_plasmid_AG261
22.398832716808762,-15.644406396939146,15,1.0,46321_1#151_plasmid_AG261
12.674846113932706,-11.524036973568483,38,0.007183687895043835,46321_1#154_plasmid_AG261
22.405550609561526,-15.640341704831275,15,1.0,46321_1#155_plasmid_AG261
26.7392550003919,10.605361360388278,82,0.7213185154702468,46321_1#156_plasmid_AB778
-8.521135905737893,2.6746154694474313,88,1.0,46321_1#186_plasmid_AF100
23.880041823044387,-23.360156284026207,16,0.08448268703748886,46321_1#191_plasmid_AG261
12.26307004243899,-12.151169485447161,38,8.623257798378798e-05,46321_1#215_plasmid_AG261
-6.727688342798762,27.021797628248205,9,0.8308910312134311,46321_1#216_plasmid_AB946
22.406529630602172,-15.638824621897417,15,1.0,46321_1#221_plasmid_AG261
12.68604672210738,-11.509973321317899,38,0.008523573328474705,46321_1#248_plasmid_AG261
11.265232478268608,-0.0706308303681853,17,0.660203273451341,46321_1#26_plasmid_novel_eaa4f6197d5832e909c2a865d6fa3fbe
-8.966970155482928,1.2734226432764357,95,1.0,46321_1#274_plasmid_AF100
-20.90611729531721,-16.22813171225072,21,1.0,46321_1#275_plasmid_AC411
2.698553127711996,30.906500571303084,-1,0.0,46321_1#288_plasmid_AB946
-3.2050076300039096,28.89202716218959,-1,0.0,46321_1#316_plasmid_AB946
-33.6026850644036,16.199356115136283,12,1.0,46321_1#324_plasmid_AF100
-6.631227529425593,-42.596182961505235,4,0.8100849253191552,46321_1#32_plasmid_AF100
2.7068118318999517,30.90661156714527,-1,0.0,46321_1#338_plasmid_AB946
12.685676548383276,-11.509537936352908,38,0.009106294876225366,46321_1#340_plasmid_AG261
17.06603227465917,-13.563014125770161,36,0.36919335602705766,46321_1#343_plasmid_AG261
22.98284197723786,14.724718052338975,0,1.0,46321_1#356_plasmid_AB778
-6.431361313887658,30.424733730509548,85,0.6099489893484765,46321_1#362_plasmid_AB946
-7.81096832356013,-43.17468965147563,-1,0.0,46321_1#56_plasmid_AF100
-10.96353645705131,1.5647778321075028,91,1.0,46321_1#58_plasmid_AF100
25.391447127555633,11.713848131134814,-1,0.0,46321_1#64_plasmid_AB778
-5.838114123577566,34.025182771473496,53,0.9220158829590293,46321_1#81_plasmid_AB946
9.008310241871067,45.99829053642536,50,1.0,46321_1#85_plasmid_AB621
22.407775474386348,-15.640840515445738,15,0.9784518901701947,46321_1#87_plasmid_AG261
-35.29634073724412,15.380746335469613,19,1.0,46321_1#93_plasmid_AF100
5.506827649734336,30.628369484160626,-1,0.0,46321_1#93_plasmid_novel_9e832218f8f971e99124780aca90e4c5
-7.0179532349352565,29.004648465360415,-1,0.0,46321_2#100_plasmid_AB946
-9.334701222253798,-48.50731430807272,3,1.0,46321_2#102_plasmid_AF100
-9.851670821072947,2.702865460618443,-1,0.0,46321_2#119_plasmid_AF100
2.560943480743158,13.563737935271828,40,1.0,46321_2#12_plasmid_AF098
12.673044493457072,-11.521752940980926,38,0.0076325145111697905,46321_2#133_plasmid_AG261
-7.880650834689415,-43.239402102048615,25,1.0,46321_2#136_plasmid_AF100
-7.8806517913634195,-43.23940244749198,25,1.0,46321_2#137_plasmid_AF100
-19.058264918538963,7.678432778184519,57,1.0,46321_2#144_plasmid_AF100
11.389047978640892,0.04865361772388854,-1,0.0,46321_2#163_plasmid_AE025
-6.647738492387694,-42.59519167094294,4,0.8103695256229618,46321_2#166_plasmid_AF100
12.270535853253842,-9.569559698408469,37,0.8374149779435431,46321_2#169_plasmid_AG261
26.03360260286685,10.925740446358603,83,1.0,46321_2#17_plasmid_AB778
12.676129063095363,-11.506616504005638,38,0.0073907808278926585,46321_2#185_plasmid_AG261
-7.878233972166364,-43.23688811007999,43,1.0,46321_2#188_plasmid_AF100
2.6988175733261732,30.905562715138267,-1,0.0,46321_2#191_plasmid_AB946
12.270666187528176,-9.56551094767021,37,1.0,46321_2#193_plasmid_AG261
26.027768366345732,10.918011032954796,83,0.38004227227957815,46321_2#1_plasmid_AB778
12.684758489831708,-11.50243942988149,38,1.0,46321_2#218_plasmid_AG261
12.27196203155653,-9.575039223238003,37,0.5076838107253983,46321_2#219_plasmid_AG261
-6.725632175342812,27.022643332692795,9,1.0,46321_2#221_plasmid_AB946
-7.879649204685409,-43.235437019385515,44,1.0,46321_2#243_plasmid_AF100
1.847897641987724,12.787724641683887,-1,0.0,46321_2#244_plasmid_AF098
12.684746402028189,-11.502376484418134,38,1.0,46321_2#25_plasmid_AG261
-10.314486965809202,-2.2156545605274967,78,1.0,46321_2#266_plasmid_AF100
12.669803090320995,-11.516524089187945,38,0.007476020541351306,46321_2#276_plasmid_AG261
12.268241320019746,-9.560096022237131,37,0.571750700101228,46321_2#278_plasmid_AG261
-13.945062022733648,-8.674727458599804,-1,0.0,46321_2#292_plasmid_AF100
24.347222624047372,12.01030819963077,-1,0.0,46321_2#299_plasmid_AB778
12.68470290970251,-11.502466547892322,38,0.6426897482575408,46321_2#311_plasmid_AG261
12.2701363383439,-9.562908940191159,37,1.0,46321_2#318_plasmid_AG261
-8.299114249909849,1.1403064834765304,93,0.2703479457122235,46321_2#33_plasmid_AF100
25.71940187576823,10.89531492055705,83,0.007389048618059041,46321_2#340_plasmid_AB778
12.275276858282707,-9.584917902067437,37,0.32555098236108276,46321_2#351_plasmid_AG261
-5.825317020510252,29.89252756355261,87,1.0,46321_2#365_plasmid_AB946
-22.95631522240476,12.344929267067743,66,1.0,46321_2#36_plasmid_AF100
-6.72398289611957,27.02186501642691,9,1.0,46321_2#68_plasmid_AB946
26.027060122288333,10.91894078731411,83,0.38402903023438867,46321_2#69_plasmid_AB778
4.200901547327667,31.602557724642384,-1,0.0,46321_2#70_plasmid_AB947
12.68474689125351,-11.50237547138265,38,1.0,46321_2#85_plasmid_AG261
-8.327422777517494,1.227305337781313,93,1.0,46358_2#124_plasmid_AF100
-5.822832884338076,29.894921120075075,87,1.0,46358_2#130_plasmid_AB946
12.270135599571304,-9.56291009447846,37,1.0,46358_2#132_plasmid_AG261
-22.70441867049762,11.884055946406528,-1,0.0,46358_2#147_plasmid_AF100
11.307223169279524,-0.03414632028913922,18,1.0,46358_2#150_plasmid_AE025
12.683767209579003,-11.502323767654325,38,0.06628693809518477,46358_2#169_plasmid_AG261
-8.327422616417458,1.2273085088348452,93,1.0,46358_2#16_plasmid_AF100
-8.339579650971725,0.9305764102412373,94,1.0,46358_2#171_plasmid_AF100
-20.90536132869919,-16.227685016049765,21,1.0,46358_2#175_plasmid_AC411
-6.723829503519069,27.02173443408779,9,0.9738104481523181,46358_2#176_plasmid_AB946
-6.726726216336243,27.02046627529076,9,1.0,46358_2#177_plasmid_AB946
-7.879601664378015,-43.235467384108304,44,1.0,46358_2#188_plasmid_AF100
1.4529822012269475,12.716387479728706,-1,0.0,46358_2#198_plasmid_AF098
-6.314714459540292,0.7907169123808819,84,0.0022023837600344473,46358_2#203_plasmid_AF100
12.684746238053775,-11.502372082634077,38,0.9495865835036277,46358_2#208_plasmid_AG261
22.96487970884988,14.716660183587818,0,1.0,46358_2#212_plasmid_AB778
-9.325786547336952,-48.486101930705715,-1,0.0,46358_2#214_plasmid_AF100
-8.34001167763507,0.9298311367674758,94,1.0,46358_2#216_plasmid_AF100
-7.878673472759975,-43.23485143486302,44,1.0,46358_2#221_plasmid_AF100
-8.32742392686089,1.2273088724993564,93,1.0,46358_2#224_plasmid_AF100
-6.647366165365603,-42.59335426182167,4,0.8088260548723798,46358_2#227_plasmid_AF100
2.6704755795394552,12.68427371384853,75,0.007982025831731835,46358_2#228_plasmid_AF098
22.405175611961127,-15.637223767358524,15,1.0,46358_2#236_plasmid_AG261
34.712740456625454,-4.857902820164746,-1,0.0,46358_2#239_plasmid_AG261
-10.367048583658658,-2.2115208314421624,78,1.0,46358_2#245_plasmid_AF100
24.97258382661341,9.85914098121337,-1,0.0,46358_2#256_plasmid_AB778
2.689111846686366,12.644953496015516,75,1.0,46358_2#25_plasmid_AF098
-19.89562631913409,5.920495484105271,72,1.0,46358_2#265_plasmid_AF100
3.1795505780334885,12.168244675128145,-1,0.0,46358_2#266_plasmid_AF098
2.531360559741277,12.308988723974348,-1,0.0,46358_2#267_plasmid_AF098
2.6999601442057246,12.578053398432965,74,1.0,46358_2#272_plasmid_AF098
4.427911897991776,31.43439224134145,-1,0.0,46358_2#275_plasmid_AB946
-8.978439503906387,0.9702486287806136,98,0.29150811877675364,46358_2#285_plasmid_AF100
-6.7297010632272,27.004281283908202,9,0.17464843217495296,46358_2#304_plasmid_AB946
-7.880650834712213,-43.23940210205683,25,1.0,46358_2#312_plasmid_AF100
-8.535478323141778,1.4431096563328223,92,0.9403307981350174,46358_2#322_plasmid_AF100
-9.329172850835565,-48.50723710427988,3,1.0,46358_2#325_plasmid_AF100
12.271243231834507,-9.572493743728158,37,0.8249618556051658,46358_2#331_plasmid_AG261
-7.541674663962028,2.230688195767145,88,1.0,46358_2#335_plasmid_AF100
22.980509478997785,14.723642765932395,0,1.0,46358_2#350_plasmid_AB778
-10.347862783674424,-2.2134830335319657,78,1.0,46358_2#354_plasmid_AF100
-20.905775319794916,-16.228149377844662,21,1.0,46358_2#360_plasmid_AC411
6.690616519816727,30.15587144035961,-1,0.0,46358_2#363_plasmid_novel_d8141a41d8c5915ae50f9978ba0b6313
12.678383277075667,-11.515117677229414,38,0.0076325145111697905,46358_2#367_plasmid_AG261
17.728874428061925,-12.886887718065775,35,1.0,46358_2#372_plasmid_AG261
2.6630174696970306,12.690908463242723,75,0.006707428966243345,46358_2#373_plasmid_AF098
22.402659123715683,-15.642320027312778,15,1.0,46358_2#380_plasmid_AG261
17.72868321988133,-12.886444172114494,35,1.0,46358_2#382_plasmid_AG261
-8.729178577627337,1.4451026339518394,92,0.6848166504245088,46358_2#43_plasmid_AF100
-10.827431736865936,1.8920428033405163,91,0.4852992061576277,46358_2#49_plasmid_AF100
6.814130863481591,30.516901620581343,-1,0.0,46358_2#52_plasmid_AC497
-19.2948436483677,2.7755698326836424,20,0.0018200986326698363,46358_2#63_plasmid_AF100
12.675890170808541,-11.516004392157646,38,0.0076325145111697905,46358_2#65_plasmid_AG261
-7.879598040281281,-43.23551939605629,44,1.0,46358_2#72_plasmid_AF100
2.6630186267570988,12.690908723321721,75,0.006707436603481617,46358_2#76_plasmid_AF098
-20.905979093600788,-16.22770665951902,21,1.0,46358_2#78_plasmid_AC411
-8.342336379552437,0.9219342136817194,94,1.0,46358_2#7_plasmid_AF100
-17.58969013871961,4.163868321727861,-1,0.0,46358_2#81_plasmid_AF100
-6.718012236527699,-43.5670922095519,4,1.0,46358_2#84_plasmid_AF100
-8.34274954021102,0.9238518550222314,94,1.0,46358_2#89_plasmid_AF100
11.307936407554404,-0.03419830296696613,18,1.0,46358_2#92_plasmid_AE025
-9.880845027118408,0.3974204653018597,-1,0.0,46358_2#95_plasmid_AF100
22.39671951345979,-15.640835019719724,15,1.0,46472_2#119_plasmid_AG261
-8.332687742665058,1.2514732748325923,93,1.0,46472_2#120_plasmid_AF100
-6.104812380427096,33.87300928719124,53,0.002122760601709862,46472_2#126_plasmid_AB946
22.923899711842388,14.697732819763734,0,0.33706447101579257,46472_2#127_plasmid_AB778
32.58396298803481,-0.6502787925953055,-1,0.0,46472_2#151_plasmid_AG261
12.679304222344998,-11.508094549967847,38,0.009106294876225366,46472_2#178_plasmid_AG261
22.407844231777737,-15.635312611378573,15,0.788476412108454,46472_2#179_plasmid_AG261
22.398949920206675,-15.646328885897287,15,0.8531424246200651,46472_2#181_plasmid_AG261
25.094236131677835,9.938208614046799,-1,0.0,46472_2#182_plasmid_AB778
17.731867008473305,-12.880358160826415,35,1.0,46472_2#189_plasmid_AG261
12.270918664784707,-9.56839457591839,37,0.8249618556051658,46472_2#18_plasmid_AG261
22.978267235929184,14.719075887126381,0,1.0,46472_2#209_plasmid_AB778
-8.737359876084396,0.7789250408982533,98,0.24846503896141975,46472_2#20_plasmid_AF100
32.41825267063304,-0.504906819279862,-1,0.0,46472_2#211_plasmid_AG261
22.396841841889128,-15.641675669678424,15,1.0,46472_2#219_plasmid_AG261
-11.461972968997136,-2.332234580219878,-1,0.0,46472_2#222_plasmid_AF100
2.569503931944726,13.568793785434888,40,1.0,46472_2#242_plasmid_AF098
-3.2049956811461637,28.88992776240978,-1,0.0,46472_2#250_plasmid_AB946
3.1762917895849387,12.165349004918317,-1,0.0,46472_2#254_plasmid_AF098
22.937630989769126,14.706395117917337,0,0.4624710333992493,46472_2#255_plasmid_AB778
22.399592079083583,-15.64408291208634,15,1.0,46472_2#255_plasmid_AG261
-8.893556297283862,0.8499508656513936,98,1.0,46472_2#286_plasmid_AF100
2.688463725783315,12.644963145639995,75,0.3816550528178701,46472_2#30_plasmid_AF098
-35.2914462491277,15.377773938153561,19,0.6593210225175306,46472_2#315_plasmid_AF100
2.5941228358581134,12.412611902131834,-1,0.0,46472_2#32_plasmid_AF098
-7.3650345007570825,1.8176087596465382,-1,0.0,46472_2#338_plasmid_AF100
12.272535895320932,-9.581696332828885,37,0.4733459667619468,46472_2#346_plasmid_AG261
-22.957945977229677,12.358304418906275,66,1.0,46472_2#372_plasmid_AF100
-8.89427465771053,0.8506427282234981,98,1.0,46472_2#54_plasmid_AF100
12.27533704466125,-9.588292732925465,37,0.24803455558783957,46472_2#60_plasmid_AG261
-10.235147463483242,-2.227478944268219,78,1.0,46472_2#64_plasmid_AF100
26.56698388945805,10.653924481003145,82,1.0,46736_1#116_plasmid_AB778
13.27510617994938,-11.76492931478926,38,0.00010061028264030221,46736_1#145_plasmid_AG261
17.23891268973254,-14.272040835797089,36,0.01460483190569536,46736_1#152_plasmid_AG261
25.795024484014803,12.157189452602383,-1,0.0,46736_1#190_plasmid_AB778
25.737221528083943,10.883507140274535,83,0.007808547483633782,46736_1#210_plasmid_AB778
27.409913080702303,9.792780837932655,70,1.0,46736_1#285_plasmid_AB778
27.341402450337753,9.895163213841997,70,1.0,46736_1#309_plasmid_AB778
27.258806580642116,9.923235956275743,70,1.0,46736_1#31_plasmid_AB778
35.33398890225706,-3.899306847882487,26,1.0,46736_1#51_plasmid_AG261
35.334355426950836,-3.901123411935881,26,1.0,46736_1#61_plasmid_AG261
27.311619025702818,9.90224697138303,70,1.0,46736_1#63_plasmid_AB778
34.76575613443396,-4.747773469401081,-1,0.0,46736_1#95_plasmid_AG261
26.47557263444135,10.922015772133214,82,1.0,47195_1#102_plasmid_AB778
17.11164315163598,-13.539925383932006,36,1.0,47195_1#125_plasmid_AG261
17.08506225345065,-13.545374625913462,36,1.0,47195_1#132_plasmid_AG261
17.115591770503404,-13.534339410173429,36,1.0,47195_1#138_plasmid_AG261
26.289101876919993,10.079647837568384,67,0.7577151917238775,47195_1#151_plasmid_AB778
26.03190397530002,10.922243232086938,83,0.5790707805812738,47195_1#167_plasmid_AB778
17.114345078245808,-13.540568745800146,36,1.0,47195_1#173_plasmid_AG261
16.855853199388076,-13.65215372905004,36,0.04208818172473376,47195_1#185_plasmid_AG261
31.34547030790404,-4.7086971435392355,8,1.0,47195_1#203_plasmid_AG261
26.544944035386795,10.641569394202277,82,1.0,47195_1#233_plasmid_AB778
17.089788890345467,-13.544709427847025,36,1.0,47195_1#237_plasmid_AG261
25.894084799292912,10.383249339379555,67,1.0,47195_1#259_plasmid_AB778
24.842102599215632,10.96971611940576,-1,0.0,47195_1#25_plasmid_AB778
17.103440577996885,-13.538928025757913,36,0.9651052316727565,47195_1#265_plasmid_AG261
17.109877725184887,-13.55042038318446,36,1.0,47195_1#267_plasmid_AG261
34.71526398381417,-4.863090700836878,-1,0.0,47195_1#277_plasmid_AG261
35.33068771768578,-3.9010249312044047,26,1.0,47195_1#278_plasmid_AG261
35.329879772662096,-3.900038485012314,26,1.0,47195_1#284_plasmid_AG261
17.11710769636793,-13.544736415473555,36,1.0,47195_1#310_plasmid_AG261
25.188175932943032,11.804996172136951,-1,0.0,47195_1#311_plasmid_AB778
31.345502584936856,-4.708331082045497,8,1.0,47195_1#37_plasmid_AG261
26.022844771321765,10.922862744669331,83,0.24795449259749328,47195_1#40_plasmid_AB778
26.47557263444136,10.922015772133228,82,0.9999999999999613,47195_1#42_plasmid_AB778
26.033596607205443,10.925736495393013,83,1.0,47195_1#43_plasmid_AB778
27.016517411906012,10.316332273206323,-1,0.0,47195_1#59_plasmid_AB778
25.24208000594609,10.935010397860358,-1,0.0,47195_1#68_plasmid_AB778
31.345556735310513,-4.708051084677988,8,1.0,47195_1#76_plasmid_AG261
31.346133778135833,-4.706961381686908,8,1.0,47195_1#99_plasmid_AG261
-2.702218245686383,31.579450810068437,56,1.0,48373_1#123_plasmid_AB946
11.34919138077963,0.0024967842942889007,18,0.08373256421515482,48373_1#159_plasmid_AE025
11.309254145617285,-0.032893806638162104,18,1.0,48373_1#177_plasmid_AE025
-2.702216176847389,31.57949680813087,56,1.0,48373_1#256_plasmid_AB946
11.325182590960832,-0.019515594037643247,18,0.19007930628625272,48373_1#265_plasmid_AE025
-2.699713535982482,31.596434475150108,56,0.009179087314738708,48373_1#272_plasmid_AB946
-23.157261678583833,11.053359359424366,-1,0.0,48373_1#303_plasmid_AF100
-2.7022180204818946,31.579592040234527,56,1.0,48373_1#308_plasmid_AB946
3.7936186721889236,30.70495161004574,-1,0.0,48373_1#332_plasmid_AB946
10.31587975055946,46.41009695849819,50,1.0,48373_1#348_plasmid_AB621
-23.12163417996646,11.156290399511047,-1,0.0,48373_1#45_plasmid_AF100
-4.6219765714282115,29.716730446211137,-1,0.0,48373_1#56_plasmid_AB946
23.893078643666026,-24.884144851210547,-1,0.0,SAMEA4620270_plasmid_AG261
21.578304895906538,-22.473487972280374,16,1.0,SAMEA4620274_plasmid_AG261
17.095128403391193,-13.55385576982188,36,1.0,SAMEA4620280_plasmid_AG261
23.89284763624652,-25.678584829710626,39,0.6540319748840462,SAMEA4620281_plasmid_AG261
32.56913468415384,-2.5807047420005387,-1,0.0,SAMEA4620288_plasmid_AG261
33.670184892872086,-1.5851058739349608,28,1.0,SAMEA4620291_plasmid_AG261
4.03216941969546,-12.065249696008209,14,1.0,SAMEA4620294_plasmid_AG261
21.627176711423807,-21.73575558725765,16,0.8205844321904701,SAMEA4620295_plasmid_AG261
22.153784432098256,-22.358670528490446,16,1.0,SAMEA4620299_plasmid_AG261
26.031928091692937,11.096218963888438,83,0.013293540474219124,SAMEA4620300_plasmid_AB778
3.1834604511524187,-12.795815102557942,-1,0.0,SAMEA4620304_plasmid_AG261
25.89408479929291,10.383249339379546,67,1.0,SAMEA4620305_plasmid_AB778
17.092179566395274,-13.550878630316442,36,1.0,SAMEA4620307_plasmid_AG261
22.17106542508725,-21.892768239758567,16,1.0,SAMEA4620308_plasmid_AG261
21.416986063791956,-21.95898116725693,16,1.0,SAMEA4620312_plasmid_AG261
25.809157864777728,10.015589649310954,67,1.0,SAMEA4620313_plasmid_AB778
26.03192808912058,11.096218966762661,83,0.0132935402489436,SAMEA4620314_plasmid_AB778
17.09939395172246,-13.559457998288645,36,0.949413358667608,SAMEA4620317_plasmid_AG261
21.409945277970042,-22.192960168259134,16,1.0,SAMEA4620330_plasmid_AG261
22.233847793539663,-22.12063630040095,16,1.0,SAMEA4620334_plasmid_AG261
17.095532443010075,-13.549234102550095,36,1.0,SAMEA4620339_plasmid_AG261
21.394504092355984,-22.02624985997489,16,1.0,SAMEA4620342_plasmid_AG261
23.918584931706032,-25.71302736454807,39,1.0,SAMEA4620349_plasmid_AG261
3.4261160812022062,-11.971110386785695,34,1.163644858715189e-12,SAMEA4620358_plasmid_AG261
23.413322125516956,14.854196631525042,2,1.0,SAMEA4620368_plasmid_AB778
22.129639281604057,-21.839298158336824,16,1.0,SAMEA4620371_plasmid_AG261
32.56047186839123,-2.5786876208400242,-1,0.0,SAMEA4620374_plasmid_AG261
32.511067403948715,-1.6095224866594249,45,1.0,SAMEA4620385_plasmid_AG261
23.41245964484697,14.854172343953753,2,1.0,SAMEA4620398_plasmid_AB778
17.090949500551893,-13.549475395399432,36,1.0,SAMEA4620399_plasmid_AG261
3.5613590215060764,-11.9376277143372,34,2.8484164072151645e-12,SAMEA4620427_plasmid_AG261
32.511067413921324,-1.6095225012273104,45,1.0,SAMEA4620430_plasmid_AG261
21.436728588076964,-22.310560523217788,16,1.0,SAMEA4620438_plasmid_AG261
35.33402802424682,-3.8858838150391932,27,1.0,SAMEA4620440_plasmid_AG261
3.5541767256271264,-11.880012806172262,34,0.17131842110340562,SAMEA4620441_plasmid_AG261
33.65126432728242,-1.6061443808784994,29,1.0,SAMEA4620446_plasmid_AG261
21.823488548376588,-21.676444939167315,16,1.0,SAMEA4620458_plasmid_AG261
25.995521975009932,10.92929079472863,83,0.0659023243356739,SAMEA4620498_plasmid_AB778
4.075165173164958,-12.510373034525871,14,0.06534075915490035,SAMEA4620508_plasmid_AG261
21.539669776211575,-25.16901070684754,16,0.10302169594855919,SAMEA4620530_plasmid_AG261
3.846351919295259,-12.658025396894606,14,0.058991457751956515,SAMEA4620560_plasmid_AG261
21.44787718566097,-21.878747825546345,16,1.0,SAMEA4620563_plasmid_AG261
32.598951524285894,-2.520992175510546,68,0.660422625571251,SAMEA4620575_plasmid_AG261
3.6868181931430213,-13.049974825662913,14,0.058991457751956515,SAMEA4620653_plasmid_AG261
21.686183295832624,-21.698884333256288,16,1.0,SAMEA4620654_plasmid_AG261
21.435629078785254,-21.911100401535506,16,1.0,SAMEA4620658_plasmid_AG261
23.441977610060256,-25.791685228654444,47,1.0,SAMEA4620665_plasmid_AG261
32.59895145651562,-2.5209921736876444,68,0.660425433494229,SAMEA4620666_plasmid_AG261
23.448896599086066,-25.752353580966915,47,1.0,SAMEA4620670_plasmid_AG261
32.57267303613283,-2.471635268504837,69,0.02193804734489173,SAMEA4620730_plasmid_AG261
33.66855314245754,-1.5936867571362594,28,1.0,SAMEA4620735_plasmid_AG261
26.216666392289,11.522468796643729,-1,0.0,SAMEA4620737_plasmid_AB778
32.50231202416032,-1.6071935941925841,45,1.0,SAMEA4620790_plasmid_AG261
21.854699776432838,-21.689695116256086,16,1.0,SAMEA4620844_plasmid_AG261
32.583721498945806,-2.5240721909524524,68,1.0,SAMEA4620866_plasmid_AG261
21.398584862122103,-22.04045652758473,16,1.0,SAMEA4620881_plasmid_AG261
23.49063897758475,-25.697446703591538,47,1.0,SAMEA4620919_plasmid_AG261
22.09533150333803,-21.79776668107752,16,1.0,SAMEA4620930_plasmid_AG261
32.478235534425124,-1.6510449031284038,45,0.17177183983977157,SAMEA4620986_plasmid_AG261
4.013117397526732,-11.970289722422745,14,0.25774896203301284,SAMEA4620992_plasmid_AG261
21.82668168513274,-21.676423899153995,16,1.0,SAMEA4621043_plasmid_AG261
23.969754435020572,-25.701418983646455,39,1.0,SAMEA4621050_plasmid_AG261
32.57635425538376,-2.4441747288439584,69,1.0,SAMEA4621054_plasmid_AG261
3.2666674432769227,-12.235667834453904,33,0.5463504316806054,SAMEA4621056_plasmid_AG261
33.65276357255672,-1.605421357667725,29,1.0,SAMEA4621112_plasmid_AG261
23.214688655314472,-25.71660828164957,48,0.725468031138684,SAMEA4621142_plasmid_AG261
23.315816060781327,-22.062052671638,16,0.15231684940061166,SAMEA4621180_plasmid_AG261
20.180609873910228,-22.58857776459968,16,0.1305578813862514,SAMEA4621200_plasmid_AG261
35.3340673615306,-3.885881601126271,27,1.0,SAMEA4621205_plasmid_AG261
23.41492734657654,14.85470366882574,2,1.0,SAMEA4621272_plasmid_AB778
27.329137791219594,12.251386541596903,6,1.0,SAMEA4621275_plasmid_AB778
4.157200248786349,-12.131810788994812,14,0.17624149495066052,SAMEA4621306_plasmid_AG261
23.098608804974354,-25.754896292406038,48,1.0,SAMEA4621320_plasmid_AG261
23.473658622814156,14.889580341688992,1,1.0,SAMEA4621323_plasmid_AB778
21.638792757016798,-21.721264359619674,16,0.8854334824684084,SAMEA4621333_plasmid_AG261
3.3064285033861207,-12.404347521165883,33,1.0,SAMEA4621337_plasmid_AG261
23.9965468302884,-25.656922664763652,39,0.9250717177062207,SAMEA4621351_plasmid_AG261
23.48800385634187,14.893141655209828,1,1.0,SAMEA4621386_plasmid_AB778
22.21371974762197,-21.99111516144025,16,1.0,SAMEA4621397_plasmid_AG261
22.01237018003306,-21.74313244276083,16,1.0,SAMEA4621404_plasmid_AG261
32.57635376416894,-2.444174499499144,69,1.0,SAMEA4621412_plasmid_AG261
22.67904601743043,-20.858724225013198,16,0.14971727919630892,SAMEA4621430_plasmid_AG261
32.57859022185819,-2.515062266846797,68,0.9897028594598846,SAMEA4621440_plasmid_AG261
32.50965231414092,-1.5884100976021598,45,0.42971275784885554,SAMEA4621457_plasmid_AG261
22.20293335022911,-22.28543867384019,16,1.0,SAMEA4621486_plasmid_AG261
32.476947803584736,-2.5875652962261197,-1,0.0,SAMEA4621503_plasmid_AG261
23.409239712216717,-25.831216189011872,47,0.9981762509487866,SAMEA4621504_plasmid_AG261
20.351578398500568,-24.06975212323761,16,0.11286452771310415,SAMEA4621505_plasmid_AG261
32.36657907363271,-2.4415986231191686,-1,0.0,SAMEA4621547_plasmid_AG261
21.848729395584613,-15.82338095969321,15,0.007545506685357604,SAMEA4621548_plasmid_AG261
32.57588783100334,-2.443784988358106,69,1.0,SAMEA4621549_plasmid_AG261
32.51109799508485,-1.6095350792368421,45,1.0,SAMEA4621550_plasmid_AG261
35.33657804914475,-3.8830954630909957,27,0.047165727901053146,SAMEA4621559_plasmid_AG261
26.10597946325665,11.517245032900341,83,0.0052665139692744615,SAMEA4621613_plasmid_AB778
25.81374635967105,10.014396423983738,67,1.0,SAMEA4621633_plasmid_AB778
21.94895445123075,-22.524998427660258,16,1.0,SAMEA4621644_plasmid_AG261
32.57827325092293,-2.5255781315051955,68,1.0,SAMEA4621663_plasmid_AG261
32.434667350798364,-2.36150647774124,-1,0.0,SAMEA4621673_plasmid_AG261
3.3064285033861207,-12.404347521165883,33,1.0,SAMEA4621674_plasmid_AG261
3.5541767256262204,-11.880012806172536,34,1.0,SAMEA4621687_plasmid_AG261
20.607580846130393,-20.785847880798507,16,0.12086924178395222,SAMEA4621695_plasmid_AG261
32.478251931696676,-1.6510404022569132,45,0.1718163071879273,SAMEA4621698_plasmid_AG261
3.5541767256262196,-11.880012806172536,34,1.0,SAMEA4621710_plasmid_AG261
33.65126432387035,-1.6061443724564337,29,1.0,SAMEA4621728_plasmid_AG261
32.575062764637366,-2.524698817921619,68,1.0,SAMEA4621744_plasmid_AG261
20.60763310542527,-20.785909922915327,16,0.12087622131639743,SAMEA4621752_plasmid_AG261
23.96656602552063,-25.701165748388913,39,1.0,SAMEA4621810_plasmid_AG261
23.440427042538083,14.846909560610538,2,0.2939903676559505,SAMEA4621825_plasmid_AB778
21.782294030424683,-22.557943787841538,16,1.0,SAMEA4621876_plasmid_AG261
27.323951629624016,12.235128681422228,6,1.0,SAMEA4621893_plasmid_AB778
33.63023257765694,-1.6071166634170444,-1,0.0,SAMEA4621900_plasmid_AG261
21.826694235942696,-22.556700352475495,16,1.0,SAMEA4621923_plasmid_AG261
21.89727710316712,-22.544505065027185,16,1.0,SAMEA4621955_plasmid_AG261
35.334069643158045,-3.8857118864670204,27,1.0,SAMEA4621974_plasmid_AG261
3.25557430230283,-12.487586543566634,33,1.0,SAMEA4621990_plasmid_AG261
27.240992466599085,12.153773158311997,6,0.3666313420060019,SAMEA4622000_plasmid_AB778
3.9951211161059366,-12.883946248597692,14,0.06534075915490035,SAMEA4622004_plasmid_AG261
20.180380745996708,-22.591580941266855,16,0.1304721909457162,SAMEA4622013_plasmid_AG261
26.033524363605135,10.913663405997882,83,0.2578451905909046,SAMEA4622033_plasmid_AB778
27.32993496936326,12.208793799452426,6,1.0,SAMEA4622058_plasmid_AB778
26.03164968312665,10.92686062220744,83,1.0,SAMEA4622079_plasmid_AB778
35.33408869702734,-3.8847130655274524,27,0.15096443640580684,SAMEA4622086_plasmid_AG261
3.556961615405645,-11.880879889507147,34,5.558442899659716e-11,SAMEA4622092_plasmid_AG261
21.53497821615129,-25.16400611524188,16,0.10325310300566258,SAMEA4622141_plasmid_AG261
17.104036188221148,-13.547520499702385,36,1.0,SAMEA4622158_plasmid_AG261
23.13538078382867,-25.710547103795275,48,1.0,SAMEA4622208_plasmid_AG261
33.67018492426104,-1.5851059107266208,28,1.0,SAMEA4622229_plasmid_AG261
23.059960096757788,-25.766434623471316,48,0.6909190984611793,SAMEA4622235_plasmid_AG261
32.57635371846118,-2.444174478290914,69,1.0,SAMEA4622246_plasmid_AG261
26.031904033349832,10.922252515897569,83,0.5803207346551604,SAMEA4622251_plasmid_AB778
26.031649683128215,10.926860622208142,83,1.0,SAMEA4622301_plasmid_AB778
33.669597883018895,-1.587067075071256,28,1.0,SAMEA4622318_plasmid_AG261
23.59695505461572,-25.812022669120847,47,0.9999824059761934,SAMEA4622319_plasmid_AG261
22.21168584496804,-22.02314456128538,16,1.0,SAMEA4622330_plasmid_AG261
3.4261160812022062,-11.971110386785695,34,1.163644858715189e-12,SAMEA4622334_plasmid_AG261
33.65126427053238,-1.6061442545165656,29,1.0,SAMEA4622351_plasmid_AG261
32.42568463824162,-1.6186864708806126,45,0.11734772002921788,SAMEA4622376_plasmid_AG261
21.699948205614525,-22.53670758326854,16,1.0,SAMEA4622402_plasmid_AG261
3.3037893563396965,-12.410303892288592,33,1.0,SAMEA4622422_plasmid_AG261
22.217898054125804,-22.244501770355175,16,1.0,SAMEA4622431_plasmid_AG261
4.007213566248455,-12.065871169973175,14,1.0,SAMEA4622432_plasmid_AG261
20.35175811040081,-24.04318416521061,16,0.11489647704009753,SAMEA4622446_plasmid_AG261
23.484203853572602,14.892373551177585,1,1.0,SAMEA4622459_plasmid_AB778
24.008183009166764,-25.712435873336098,39,0.9250717177062207,SAMEA4622492_plasmid_AG261
3.5541767256271264,-11.880012806172262,34,0.17131842110340562,SAMEA4622493_plasmid_AG261
3.561359021511641,-11.93762771433181,34,2.848416407462556e-12,SAMEA4622557_plasmid_AG261
3.556961615405645,-11.880879889507133,34,5.558442899667767e-11,SAMEA4622577_plasmid_AG261
3.4562335046834,-11.788150666274296,34,1.2073590911355413e-12,SAMEA4622581_plasmid_AG261
22.092789422576384,-22.437646610543112,16,1.0,SAMEA4622603_plasmid_AG261
4.062426088756623,-10.899310641202279,-1,0.0,SAMEA4622604_plasmid_AG261
3.58276415843346,-11.64395699862093,34,6.818304658530342e-13,SAMEA4622634_plasmid_AG261
22.13031902388231,-22.3978342770971,16,1.0,SAMEA4622645_plasmid_AG261
23.61548659063334,-25.797018145053645,47,0.9062454068318643,SAMEA4622670_plasmid_AG261
25.848457128548304,12.444439036485793,-1,0.0,SAMEA4622778_plasmid_AB778
3.554176725626059,-11.880012806172548,34,1.0,SAMEA4622779_plasmid_AG261
3.5541767256262204,-11.880012806172536,34,1.0,SAMEA4622822_plasmid_AG261
23.441666831078923,14.846078566067064,2,0.27900765199170763,SAMEA4622826_plasmid_AB778
25.138340884161863,10.820945600089571,-1,0.0,SAMEA4622860_plasmid_AB778
21.85157632569877,-15.817537848838338,15,0.007605137958348074,SAMEA4622865_plasmid_AG261
21.55898411962848,-22.47191129254609,16,1.0,SAMEA4622875_plasmid_AG261
3.6870369392147326,-13.050634173140233,14,0.058917879186598736,SAMEA4622903_plasmid_AG261
21.441870396511806,-22.32286559840157,16,1.0,SAMEA4622978_plasmid_AG261
23.415826313895547,14.861251609889575,2,1.0,SAMEA5130741_plasmid_AB778
23.423144437318538,14.853440082882068,2,0.7323486383325789,SAMEA5130757_plasmid_AB778
21.47948851847772,-22.38172016473531,16,1.0,SAMEA5130761_plasmid_AG261
4.032169419695285,-12.065249695698546,14,1.0,SAMEA5130763_plasmid_AG261
32.58527940421065,-2.5262833789749,68,0.9925606026881749,SAMEA5130767_plasmid_AG261
17.005510369170032,-13.614822136113897,36,0.09894051176139494,SAMEA5130775_plasmid_AG261
27.302236303426625,12.221271834762625,6,1.0,SAMEA5130792_plasmid_AB778
4.147145392048786,-12.227302284113728,14,0.12563644586140102,SAMEA5130795_plasmid_AG261
35.33402530492252,-3.885883110442486,27,1.0,SAMEA5130803_plasmid_AG261
4.007213566248456,-12.065871169973176,14,1.0,SAMEA5130807_plasmid_AG261
32.57265854015232,-2.5121692947079906,68,0.7059183489525591,SAMEA5130809_plasmid_AG261
23.48788475182191,14.892911673108257,1,1.0,SAMEA5130825_plasmid_AB778
23.18706154948098,-25.748622802647198,48,1.0,SAMEA5130909_plasmid_AG261
-,-,-,-,36773_2#239_plasmid_AC497
-,-,-,-,36773_2#35_plasmid_AE169
-,-,-,-,46358_2#99_plasmid_AB947
-,-,-,-,SAMEA4622701_plasmid_AE018
-,-,-,-,SAMEA4622767_plasmid_AE018
